stage,epoch,train_loss,val_macro_auc,lr
warmup,0,1.0577235571638552,0.7822348456901815,0.001
warmup,1,1.005364630274668,0.8066065252782515,0.001
warmup,2,0.9687609739170341,0.8105323863913103,0.001
warmup,3,0.9373202854525782,0.8145131203349931,0.001
warmup,4,0.9110546191771349,0.8148284585646313,0.001
warmup,5,0.8867066746462366,0.8179415576847374,0.001
warmup,6,0.87199473250174,0.820933883847163,0.001
warmup,7,0.8608523337189071,0.8220197649352399,0.001
warmup,8,0.844138151514316,0.8248994127284194,0.001
warmup,9,0.8331502621283312,0.8263655494934614,0.001
warmup,10,0.8199007037632956,0.8270838925712342,0.001
warmup,11,0.8121702145197672,0.8288464487533596,0.001
warmup,12,0.7994012479296702,0.8297477836806383,0.001
warmup,13,0.7961765820394733,0.8307503396611289,0.001
warmup,14,0.7844835260433113,0.8319323715972496,0.001
finetune,0,0.9497653279237881,0.8483397272190251,0.0001
finetune,1,0.6701437773223885,0.8676717966998163,9.997532801828658e-05
finetune,2,0.6007972507181758,0.8544461376275934,9.990133642141359e-05
finetune,3,0.5101062866028198,0.8771277961083781,9.977809823015401e-05
finetune,4,0.4546256052281804,0.861804468262747,9.960573506572391e-05
finetune,5,0.3885991468638955,0.8752085235486758,9.93844170297569e-05
finetune,6,0.34870609932554936,0.8901115192271929,9.911436253643445e-05
finetune,7,0.3121868035274589,0.8780511725209525,9.879583809693738e-05
finetune,8,0.24950117830506818,0.8671722647349209,9.842915805643157e-05
finetune,9,0.21688006384049108,0.8779670291800095,9.801468428384717e-05
finetune,10,0.2281962023404782,0.8889894970754193,9.75528258147577e-05
finetune,11,0.16599243575941303,0.8987409212912516,9.70440384477113e-05
finetune,12,0.12790058117486283,0.8888430127872164,9.64888242944126e-05
finetune,13,0.15304862985948842,0.8631341036049791,9.588773128419907e-05
finetune,14,0.103783097304032,0.872706954372837,9.5241352623301e-05
finetune,15,0.08274040952652038,0.8768038782430109,9.455032620941843e-05
finetune,16,0.11321953494480984,0.8881285255189004,9.381533400219321e-05
finetune,17,0.05047014309558088,0.8799832942738114,9.303710135019722e-05
finetune,18,0.06404633278737287,0.8847667647196966,9.22163962751008e-05
finetune,19,0.09147559148733488,0.8727175809086912,9.135402871372814e-05
finetune,20,0.06267500827888291,0.876130262209528,9.045084971874742e-05
finetune,21,0.04724647388784233,0.8835884115660436,8.950775061878456e-05
finetune,22,0.0781317872335454,0.8646654402947067,8.852566213878951e-05
finetune,23,0.07540476032181415,0.8596175192958315,8.750555348152303e-05
finetune,24,0.09188819036423089,0.8746117488293599,8.644843137107063e-05
finetune,25,0.05730246282563714,0.8864933109610762,8.535533905932742e-05
finetune,26,0.03797440692325106,0.8773508885913088,8.422735529643448e-05
finetune,27,0.03374688389772427,0.8642293104325743,8.306559326618263e-05
finetune,28,0.0386946474438061,0.8758956611573592,8.187119948743452e-05
finetune,29,0.016409949632826264,0.8764524807191364,8.064535268264887e-05
finetune,30,0.04843916962603609,0.8643529732615383,7.938926261462371e-05
finetune,31,0.01639225137998125,0.8694289593263658,7.810416889260659e-05
finetune,32,0.012626226127013833,0.8724895265302461,7.679133974894988e-05
finetune,33,0.008919698048425753,0.8711306359176607,7.545207078751862e-05
finetune,34,0.009156863374297252,0.8703453844701203,7.408768370508582e-05
finetune,35,0.006912071086575989,0.8623264983160016,7.26995249869774e-05
finetune,36,0.006336435924746336,0.8621126135968599,7.12889645782537e-05
finetune,37,0.022145340049977667,0.8700411517155724,6.985739453173908e-05
finetune,38,0.01230392481470871,0.8586651104707487,6.840622763423397e-05
finetune,39,0.014971158381722525,0.8804457420450646,6.693689601226464e-05
finetune,40,0.003253709561119001,0.8808137429186825,6.545084971874744e-05
finetune,41,0.02188029405202295,0.8794249260877193,6.394955530196154e-05
finetune,42,0.008442395680770836,0.8894481738694751,6.24344943582428e-05
finetune,43,0.01046331073446785,0.8795131172696629,6.0907162069827195e-05
finetune,44,0.004005983499398521,0.8833928053928881,5.93690657292863e-05
finetune,45,0.001181937117239241,0.876209531570931,5.7821723252011606e-05
finetune,46,0.0012656488007830526,0.8788144909257086,5.6266661678215284e-05
finetune,47,0.009117885318583811,0.8836526514625641,5.470541566592577e-05
finetune,48,0.0012961211564352071,0.8810193952260796,5.313952597646573e-05
finetune,49,0.0029052279051555926,0.8802064032519074,5.1570537953906474e-05
finetune,50,0.0034874354548778564,0.8869910269035886,5.0000000000000057e-05
finetune,51,0.008035945639148086,0.8823098807144314,4.842946204609364e-05
finetune,52,0.01051835485896934,0.8791035852718367,4.686047402353438e-05
finetune,53,0.008659116592745719,0.8887798639707031,4.529458433407433e-05
finetune,54,0.005654426705661023,0.8842811622354768,4.3733338321784836e-05
finetune,55,0.0028014923571358006,0.8885050512217025,4.21782767479885e-05
finetune,56,0.004719209438242147,0.886094491511835,4.0630934270713814e-05
finetune,57,0.0022853540603774126,0.8781114665920384,3.909283793017293e-05
finetune,58,0.00042283636387814013,0.8793867223533433,3.75655056417573e-05
finetune,59,0.0002486723337888052,0.8799394720746646,3.605044469803859e-05
finetune,60,0.00027083033721841975,0.8819206733008697,3.454915028125269e-05
finetune,61,0.00017681672803072598,0.8811473784887596,3.3063103987735474e-05
finetune,62,0.002395286735508218,0.8796005486191362,3.159377236576616e-05
finetune,63,0.0006471978853216875,0.8705019499298825,3.0142605468261005e-05
finetune,64,0.0004358271284664641,0.8795310319487799,2.8711035421746404e-05
finetune,65,0.0007051941045977504,0.8778105581926479,2.73004750130227e-05
finetune,66,0.0008335065631290709,0.8714082814313171,2.5912316294914263e-05
finetune,67,0.00043372845781656605,0.8719400134111698,2.4547929212481466e-05
finetune,68,0.0007391933249601278,0.880253817991888,2.320866025105019e-05
finetune,69,9.071256832311213e-05,0.8820079040763031,2.1895831107393498e-05
finetune,70,8.553320454129045e-05,0.8820559154098826,2.061073738537638e-05
finetune,71,8.963278014743629e-05,0.8815667203471182,1.9354647317351198e-05
finetune,72,0.00019881986611539697,0.8835233905173412,1.812880051256554e-05
finetune,73,9.561400452956426e-05,0.8836240398994416,1.693440673381744e-05
finetune,74,8.91999408120323e-05,0.8835603100818148,1.577264470356559e-05
finetune,75,4.996762004656649e-05,0.8836225846285648,1.464466094067265e-05
finetune,76,0.000117310794168131,0.8814983423796713,1.3551568628929456e-05
finetune,77,9.835980019121786e-05,0.8813268993068265,1.249444651847704e-05
finetune,78,0.001027124277580931,0.8811869439409403,1.1474337861210562e-05
finetune,79,6.791044951589316e-05,0.8788111000836407,1.0492249381215497e-05
finetune,80,6.786133220913995e-05,0.8784488059570024,9.549150281252648e-06
finetune,81,7.584770111622245e-05,0.8785321392903356,8.645971286271927e-06
finetune,82,6.480336695769616e-05,0.8781945800242049,7.78360372489927e-06
finetune,83,6.587408828629138e-05,0.8783989064517457,6.962898649802823e-06
finetune,84,4.138463849587874e-05,0.8785142177277712,6.184665997806831e-06
finetune,85,4.1703460374991124e-05,0.8785142177277712,5.449673790581619e-06
finetune,86,6.0328931166969814e-05,0.8786032328792863,4.75864737669904e-06
finetune,87,9.469579680138007e-05,0.8785607744490023,4.112268715800961e-06
finetune,88,0.00022122347567375924,0.8786069077241955,3.5111757055874383e-06
finetune,89,8.23373069789829e-05,0.8786060310016689,2.9559615522887324e-06
finetune,90,7.898988620516451e-05,0.8787480764562142,2.4471741852423276e-06
finetune,91,0.00011550910087040218,0.8789048353719018,1.9853157161528557e-06
finetune,92,8.23693231349191e-05,0.8788425543989064,1.5708419435684545e-06
finetune,93,0.00011251084672362858,0.8788011067592445,1.2041619030626358e-06
finetune,94,6.855818256570241e-05,0.878821940092578,8.856374635655655e-07
finetune,95,5.102523731014565e-05,0.878821940092578,6.155829702431181e-07
finetune,96,6.666883426354063e-05,0.8787537582743961,3.9426493427611245e-07
finetune,97,6.029929001938771e-05,0.8787064097895476,2.2190176984600058e-07
finetune,98,0.0009137670008884836,0.878821940092578,9.866357858642222e-08
finetune,99,5.894833207901887e-05,0.8788011067592445,2.467198171342004e-08
