image_id,ok,max_intensity,threshold,height,width,left,right,top,bottom
aria_c_25_1,True,255.0,15.299999999999999,575,740,0,739,0,574
aria_c_7_2,True,255.0,15.299999999999999,575,739,0,738,0,574
aria_c_38_2,True,255.0,15.299999999999999,575,767,0,766,0,574
aria_c_2_8,True,255.0,15.299999999999999,575,737,0,736,0,574
aria_c_26_15,True,255.0,15.299999999999999,575,741,0,740,0,574
aria_c_20_18,True,255.0,15.299999999999999,575,739,0,738,0,574
aria_c_27_3,True,255.0,15.299999999999999,575,742,0,741,0,574
aria_c_47_2,True,244.0,14.639999999999999,575,767,0,766,0,574
aria_c_31_20,True,255.0,15.299999999999999,575,741,0,740,0,574
aria_c_31_2,True,255.0,15.299999999999999,575,740,0,739,0,574
aria_c_39_a_10,True,255.0,15.299999999999999,575,767,0,766,0,574
aria_c_32_2,True,255.0,15.299999999999999,575,741,0,740,0,574
aria_c_32_21,True,255.0,15.299999999999999,575,741,0,740,0,574
aria_c_5_4,True,250.0,15.0,575,739,1,738,0,574
aria_c_26_2,True,255.0,15.299999999999999,574,740,0,739,0,573
(0031)aria_c_37,True,242.0,14.52,575,682,2,680,0,574
aria_c_35_27,True,255.0,15.299999999999999,575,744,1,743,0,574
aria_c_9_6,True,255.0,15.299999999999999,575,738,0,737,0,574
aria_c_2_3,True,255.0,15.299999999999999,575,737,0,736,0,574
aria_c_35_26,True,255.0,15.299999999999999,575,744,0,743,0,574
aria_c_6_5,True,255.0,15.299999999999999,575,737,0,736,0,574
aria_c_24_2,True,255.0,15.299999999999999,575,740,0,739,0,574
aria_c_40_a_6,True,173.0,10.379999999999999,575,767,0,766,0,574
aria_c_1_7,True,255.0,15.299999999999999,575,738,0,737,0,574
aria_c_22_1,True,255.0,15.299999999999999,575,739,0,738,0,574
aria_c_46_12,True,255.0,15.299999999999999,575,767,0,766,0,574
aria_c_9_1,True,255.0,15.299999999999999,575,738,0,737,0,574
aria_c_36_44,True,255.0,15.299999999999999,574,744,0,743,0,573
aria_c_20_10,True,255.0,15.299999999999999,574,737,0,736,0,573
aria_c_21_3,True,255.0,15.299999999999999,574,740,0,739,0,573
aria_c_35_2,True,255.0,15.299999999999999,575,744,1,743,0,574
aria_c_5_1,True,242.0,14.52,575,661,0,660,0,574
aria_c_21_12,True,255.0,15.299999999999999,573,740,0,739,0,572
aria_c_30_2,True,255.0,15.299999999999999,575,740,0,739,0,574
aria_c_38_42,True,255.0,15.299999999999999,575,767,0,766,0,574
aria_c_1_8,True,255.0,15.299999999999999,575,720,0,719,0,574
aria_c_22_9,True,255.0,15.299999999999999,575,741,0,740,0,574
aria_c_6_2,True,255.0,15.299999999999999,575,739,0,738,0,574
aria_c_41_15,True,255.0,15.299999999999999,575,767,0,766,0,574
aria_c_4_1,True,255.0,15.299999999999999,575,737,1,736,0,574
aria_c_4_8,True,255.0,15.299999999999999,575,737,0,736,0,574
aria_c_24_12,True,255.0,15.299999999999999,575,739,0,738,0,574
aria_c_44_12,True,255.0,15.299999999999999,575,767,0,766,0,574
aria_c_20_1,True,255.0,15.299999999999999,575,741,0,740,0,574
aria_c_34_1,True,255.0,15.299999999999999,575,740,0,739,0,574
aria_c_45_2,True,255.0,15.299999999999999,575,767,0,766,0,574
aria_c_45_12,True,255.0,15.299999999999999,575,767,0,766,0,574
aria_c_23_4,True,255.0,15.299999999999999,574,735,2,734,0,573
aria_c_44_3,True,255.0,15.299999999999999,575,767,0,766,0,574
aria_d_13_22,True,255.0,15.299999999999999,575,740,0,739,0,574
aria_d_3_2,True,255.0,15.299999999999999,575,743,0,742,0,574
aria_d_18_21,True,255.0,15.299999999999999,575,741,0,740,0,574
aria_d_16_22,True,255.0,15.299999999999999,574,655,0,654,0,573
aria_d_8_2,True,253.0,15.18,575,740,0,739,0,574
aria_d_24_6,True,209.0,12.54,574,710,0,709,0,573
aria_d_15_22,True,255.0,15.299999999999999,575,740,0,739,0,574
aria_d_22_22,True,224.0,13.44,574,738,0,737,0,573
aria_d_2_6,True,255.0,15.299999999999999,575,742,0,741,0,574
aria_d_5_22,True,255.0,15.299999999999999,575,672,0,669,0,574
aria_d_21_21,True,255.0,15.299999999999999,575,741,1,740,0,574
aria_d_7_22,True,255.0,15.299999999999999,575,742,0,741,0,574
aria_d_8_23,True,255.0,15.299999999999999,575,741,0,740,0,574
aria_d_4_31,True,255.0,15.299999999999999,575,740,0,739,0,574
aria_d_7_17,True,255.0,15.299999999999999,575,725,2,724,0,574
aria_d_18_2,True,255.0,15.299999999999999,575,721,0,720,0,574
aria_d_12_2,True,255.0,15.299999999999999,575,741,0,740,0,574
aria_d_3_32,True,255.0,15.299999999999999,575,740,0,739,0,574
aria_d_20_17,True,255.0,15.299999999999999,575,740,0,739,0,574
(0001)aria_d_27,True,255.0,15.299999999999999,575,720,0,719,0,574
aria_d_22_2,True,255.0,15.299999999999999,575,740,0,739,0,574
aria_d_15_2,True,255.0,15.299999999999999,575,742,1,741,0,574
(0026)aria_d_27,True,255.0,15.299999999999999,575,745,0,744,0,574
aria_d_25_2,True,255.0,15.299999999999999,575,744,0,743,0,574
aria_d_5_2,True,255.0,15.299999999999999,574,739,0,738,0,573
aria_d_3_33,True,255.0,15.299999999999999,575,741,0,740,0,574
aria_d_20_2,True,255.0,15.299999999999999,575,741,0,740,0,574
aria_d_17_12,True,255.0,15.299999999999999,575,740,0,739,0,574
aria_d_12_20,True,255.0,15.299999999999999,575,740,1,739,0,574
(0024)aria_d_30,True,231.0,13.86,575,654,0,653,0,574
aria_d_4_5,True,255.0,15.299999999999999,575,743,1,742,0,574
(0003)aria_d_29,True,239.0,14.34,575,647,0,646,0,574
aria_d_9_24,True,255.0,15.299999999999999,575,742,0,741,0,574
aria_d_16_2,True,255.0,15.299999999999999,575,740,0,739,0,574
aria_d_2_31,True,209.0,12.54,575,732,6,731,0,574
aria_d_17_2,True,255.0,15.299999999999999,575,740,0,739,0,574
(0001)aria_d_26,True,255.0,15.299999999999999,575,745,0,744,0,574
aria_d_13_2,True,255.0,15.299999999999999,575,741,0,740,1,574
(0018)aria_d_26,True,255.0,15.299999999999999,575,748,0,747,0,574
aria_d_11_1,True,255.0,15.299999999999999,575,740,0,739,0,574
aria_d_6_11,True,255.0,15.299999999999999,575,739,0,738,0,574
(0007)aria_d_28,True,255.0,15.299999999999999,575,742,0,741,0,574
aria_d_10_19,True,255.0,15.299999999999999,575,724,0,723,0,574
aria_d_14_20,True,255.0,15.299999999999999,574,738,1,737,0,573
aria_d_21_2,True,255.0,15.299999999999999,575,742,0,741,0,574
aria_d_1_19,True,255.0,15.299999999999999,575,740,0,739,0,574
aria_d_11_22,True,187.0,11.219999999999999,575,696,0,695,0,574
1,True,255.0,15.299999999999999,1391,1390,0,1389,6,1390
3,True,255.0,15.299999999999999,1391,1389,1,1388,6,1390
13,True,255.0,15.299999999999999,1391,1390,0,1389,6,1390
14,True,255.0,15.299999999999999,1391,1390,0,1389,6,1390
15,True,255.0,15.299999999999999,1391,1389,0,1388,7,1390
16,True,255.0,15.299999999999999,1393,1390,0,1389,7,1392
17,True,255.0,15.299999999999999,1392,1390,0,1389,6,1391
19,True,229.0,13.74,1390,1389,0,1388,5,1389
20,True,255.0,15.299999999999999,1392,1389,0,1388,6,1391
21,True,255.0,15.299999999999999,1391,1389,0,1388,6,1390
22,True,255.0,15.299999999999999,1391,1389,0,1388,6,1390
23,True,255.0,15.299999999999999,1391,1390,0,1389,6,1390
26,True,255.0,15.299999999999999,1391,1388,0,1387,6,1390
28,True,255.0,15.299999999999999,1393,1391,0,1390,6,1392
31,True,255.0,15.299999999999999,1391,1389,1,1388,6,1390
32,True,255.0,15.299999999999999,1391,1390,0,1389,6,1390
33,True,255.0,15.299999999999999,1391,1389,0,1388,7,1390
36,True,255.0,15.299999999999999,1391,1390,0,1389,6,1390
37,True,255.0,15.299999999999999,1391,1390,0,1389,6,1390
39,True,255.0,15.299999999999999,1392,1390,0,1389,7,1391
40,True,255.0,15.299999999999999,1392,1388,0,1387,6,1391
41,True,255.0,15.299999999999999,1392,1389,0,1388,7,1391
43,True,255.0,15.299999999999999,1390,1388,0,1387,7,1389
44,True,255.0,15.299999999999999,1391,1390,0,1389,6,1390
45,True,255.0,15.299999999999999,1391,1389,0,1388,6,1390
46,True,255.0,15.299999999999999,1389,1387,0,1386,6,1388
47,True,255.0,15.299999999999999,1391,1389,0,1388,6,1390
48,True,255.0,15.299999999999999,1390,1386,0,1385,7,1389
49,True,254.0,15.24,1391,1390,0,1389,6,1390
50,True,255.0,15.299999999999999,1391,1390,1,1389,6,1390
51,True,255.0,15.299999999999999,1391,1389,0,1388,6,1390
52,True,255.0,15.299999999999999,1392,1390,0,1389,7,1391
53,True,255.0,15.299999999999999,1391,1389,0,1388,6,1390
59,True,255.0,15.299999999999999,1392,1390,0,1389,7,1391
63,True,255.0,15.299999999999999,1391,1389,0,1388,6,1390
67,True,255.0,15.299999999999999,1391,1390,0,1389,6,1390
69,True,255.0,15.299999999999999,1391,1389,0,1388,6,1390
70,True,255.0,15.299999999999999,1392,1391,0,1390,7,1391
71,True,255.0,15.299999999999999,1391,1391,0,1390,6,1390
75,True,255.0,15.299999999999999,1391,1390,1,1389,6,1390
78,True,255.0,15.299999999999999,1391,1390,0,1389,6,1390
81,True,255.0,15.299999999999999,1390,1388,0,1387,7,1389
83,True,255.0,15.299999999999999,1391,1390,0,1389,6,1390
85,True,255.0,15.299999999999999,1391,1390,0,1389,6,1390
86,True,255.0,15.299999999999999,1392,1391,0,1390,7,1391
88,True,255.0,15.299999999999999,1391,1390,1,1389,6,1390
90,True,255.0,15.299999999999999,1392,1390,0,1389,7,1391
91,True,255.0,15.299999999999999,1391,1388,0,1387,7,1390
92,True,255.0,15.299999999999999,1391,1389,0,1388,7,1390
93,True,255.0,15.299999999999999,1391,1389,0,1388,7,1390
94,True,255.0,15.299999999999999,1391,1388,0,1387,7,1390
97,True,255.0,15.299999999999999,1391,1390,0,1389,6,1390
98,True,255.0,15.299999999999999,1391,1388,0,1387,7,1390
99,True,255.0,15.299999999999999,1393,1392,0,1391,7,1392
100,True,255.0,15.299999999999999,1391,1391,0,1390,6,1390
101,True,255.0,15.299999999999999,1396,1390,0,1389,13,1395
102,True,255.0,15.299999999999999,1391,1389,0,1388,7,1390
103,True,255.0,15.299999999999999,1394,1392,0,1391,5,1393
104,True,255.0,15.299999999999999,1392,1391,0,1390,7,1391
106,True,255.0,15.299999999999999,1391,1389,0,1388,6,1390
109,True,255.0,15.299999999999999,1391,1391,0,1390,6,1390
110,True,255.0,15.299999999999999,1391,1392,0,1391,6,1390
111,True,255.0,15.299999999999999,1392,1390,0,1389,8,1391
112,True,255.0,15.299999999999999,1391,1390,0,1389,6,1390
114,True,254.0,15.24,1391,1389,0,1388,8,1390
115,True,255.0,15.299999999999999,1390,1388,0,1387,7,1389
117,True,255.0,15.299999999999999,1391,1391,0,1390,6,1390
118,True,255.0,15.299999999999999,1392,1390,0,1389,7,1391
119,True,255.0,15.299999999999999,1392,1390,0,1389,7,1391
120,True,255.0,15.299999999999999,1391,1390,1,1389,6,1390
122,True,255.0,15.299999999999999,1391,1390,0,1389,6,1390
123,True,255.0,15.299999999999999,1391,1390,0,1389,6,1390
124,True,255.0,15.299999999999999,1392,1391,0,1390,6,1391
125,True,255.0,15.299999999999999,1391,1391,1,1390,6,1390
130,True,255.0,15.299999999999999,1392,1392,0,1391,7,1391
131,True,255.0,15.299999999999999,1392,1391,0,1390,7,1391
132,True,255.0,15.299999999999999,1392,1391,0,1390,7,1391
134,True,255.0,15.299999999999999,1392,1390,0,1389,6,1391
135,True,255.0,15.299999999999999,1391,1391,0,1390,6,1390
138,True,255.0,15.299999999999999,1392,1391,0,1390,7,1391
139,True,255.0,15.299999999999999,1391,1391,0,1390,6,1390
143,True,255.0,15.299999999999999,1391,1388,0,1387,7,1390
144,True,255.0,15.299999999999999,1391,1390,0,1389,6,1390
145,True,255.0,15.299999999999999,1391,1390,0,1389,6,1390
146,True,255.0,15.299999999999999,1391,1392,0,1391,7,1390
152,True,255.0,15.299999999999999,1391,1392,1,1391,6,1390
153,True,255.0,15.299999999999999,1393,1391,0,1390,7,1392
154,True,255.0,15.299999999999999,1391,1391,1,1390,6,1390
156,True,255.0,15.299999999999999,1392,1407,0,1406,7,1391
159,True,255.0,15.299999999999999,1391,1390,1,1389,6,1390
160,True,255.0,15.299999999999999,1391,1391,0,1390,6,1390
165,True,255.0,15.299999999999999,1393,1390,0,1389,7,1392
166,True,255.0,15.299999999999999,1391,1391,0,1390,6,1390
167,True,255.0,15.299999999999999,1393,1395,2,1394,7,1392
170,True,255.0,15.299999999999999,1391,1389,0,1388,6,1390
175,True,255.0,15.299999999999999,1409,1391,0,1390,0,1395
178,True,255.0,15.299999999999999,1390,1389,0,1388,7,1389
179,True,255.0,15.299999999999999,1391,1430,0,1429,6,1390
181,True,255.0,15.299999999999999,1392,1407,7,1404,7,1391
182,True,255.0,15.299999999999999,1392,1396,4,1395,6,1391
184,True,255.0,15.299999999999999,1401,1465,1,1464,0,1396
185,True,255.0,15.299999999999999,1393,1404,0,1403,7,1392
187,True,255.0,15.299999999999999,1394,1390,0,1389,6,1393
189,True,255.0,15.299999999999999,1390,1388,0,1387,7,1389
191,True,255.0,15.299999999999999,1391,1391,0,1390,6,1390
192,True,238.0,14.28,1391,1389,0,1388,7,1390
195,True,255.0,15.299999999999999,1391,1390,0,1389,6,1390
196,True,255.0,15.299999999999999,1392,1396,3,1395,7,1391
197,True,255.0,15.299999999999999,1393,1418,0,1417,6,1392
203,True,255.0,15.299999999999999,1392,1390,0,1389,5,1391
205,True,255.0,15.299999999999999,1390,1388,1,1387,6,1389
206,True,255.0,15.299999999999999,1391,1388,0,1387,7,1390
212,True,255.0,15.299999999999999,1401,1406,0,1405,0,1400
213,True,255.0,15.299999999999999,1413,1486,1,1485,6,1412
214,True,255.0,15.299999999999999,1390,1400,0,1393,5,1389
215,True,255.0,15.299999999999999,1391,1390,1,1389,6,1390
216,True,255.0,15.299999999999999,1395,1388,0,1387,5,1394
217,True,255.0,15.299999999999999,1394,1391,0,1390,5,1393
219,True,248.0,14.879999999999999,1391,1404,1,1403,6,1390
226,True,255.0,15.299999999999999,1396,1404,2,1402,6,1395
227,True,255.0,15.299999999999999,1391,1389,0,1388,6,1390
228,True,255.0,15.299999999999999,1405,1457,0,1456,20,1404
229,True,255.0,15.299999999999999,1393,1391,0,1390,7,1392
230,True,255.0,15.299999999999999,1392,1390,0,1389,6,1391
231,True,255.0,15.299999999999999,1391,1391,1,1390,6,1390
233,True,255.0,15.299999999999999,1391,1392,0,1391,5,1390
234,True,255.0,15.299999999999999,1392,1390,0,1389,6,1391
236,True,255.0,15.299999999999999,1395,1399,0,1391,6,1394
238,True,255.0,15.299999999999999,1390,1389,0,1388,6,1389
240,True,255.0,15.299999999999999,1390,1389,0,1388,5,1389
241,True,255.0,15.299999999999999,1392,1420,0,1419,7,1391
242,True,255.0,15.299999999999999,1392,1390,1,1389,7,1391
248,True,255.0,15.299999999999999,1393,1409,0,1408,6,1392
252,True,255.0,15.299999999999999,1391,1390,0,1389,6,1390
253,True,255.0,15.299999999999999,1391,1390,0,1389,6,1390
255,True,255.0,15.299999999999999,1391,1390,0,1389,6,1390
257,True,255.0,15.299999999999999,1394,1393,0,1392,6,1393
263,True,255.0,15.299999999999999,1391,1388,0,1387,6,1390
264,True,255.0,15.299999999999999,1393,1389,0,1388,8,1392
265,True,248.0,14.879999999999999,1392,1394,5,1393,6,1391
267,True,255.0,15.299999999999999,1391,1398,0,1397,6,1390
270,True,255.0,15.299999999999999,1392,1390,0,1389,6,1391
271,True,255.0,15.299999999999999,1391,1389,0,1388,6,1390
273,True,255.0,15.299999999999999,1391,1389,0,1388,6,1390
278,True,255.0,15.299999999999999,1392,1403,0,1402,6,1391
279,True,255.0,15.299999999999999,1402,1390,0,1389,6,1397
280,True,255.0,15.299999999999999,1391,1389,0,1388,6,1390
284,True,240.0,14.399999999999999,1391,1389,0,1388,6,1390
286,True,255.0,15.299999999999999,1402,1417,0,1414,17,1401
287,True,255.0,15.299999999999999,1393,1411,0,1410,7,1392
288,True,255.0,15.299999999999999,1391,1389,0,1388,7,1390
290,True,255.0,15.299999999999999,1394,1402,1,1401,6,1393
292,True,255.0,15.299999999999999,1391,1389,0,1388,6,1390
293,True,255.0,15.299999999999999,1392,1389,0,1388,6,1391
294,True,255.0,15.299999999999999,1392,1390,0,1389,6,1391
295,True,255.0,15.299999999999999,1391,1394,1,1393,6,1390
296,True,255.0,15.299999999999999,1392,1401,0,1400,7,1391
297,True,255.0,15.299999999999999,1391,1390,0,1389,6,1390
298,True,255.0,15.299999999999999,1391,1388,0,1387,6,1390
304,True,255.0,15.299999999999999,1392,1397,5,1396,6,1391
305,True,255.0,15.299999999999999,1393,1390,0,1389,6,1392
308,True,255.0,15.299999999999999,1393,1398,0,1397,6,1392
313,True,255.0,15.299999999999999,1394,1389,0,1388,6,1393
314,True,255.0,15.299999999999999,1390,1388,0,1387,6,1389
317,True,255.0,15.299999999999999,1391,1389,0,1388,7,1390
318,True,255.0,15.299999999999999,1393,1391,0,1390,7,1392
320,True,255.0,15.299999999999999,1392,1391,0,1390,6,1391
325,True,255.0,15.299999999999999,1391,1389,0,1388,6,1390
328,True,255.0,15.299999999999999,1391,1389,0,1388,7,1390
329,True,255.0,15.299999999999999,1391,1390,0,1389,6,1390
330,True,251.0,15.059999999999999,1390,1388,0,1387,7,1389
331,True,255.0,15.299999999999999,1389,1387,0,1386,6,1388
336,True,255.0,15.299999999999999,1391,1388,0,1387,7,1390
337,True,255.0,15.299999999999999,1393,1395,0,1394,7,1392
341,True,255.0,15.299999999999999,1393,1392,0,1391,6,1392
343,True,255.0,15.299999999999999,1392,1391,0,1390,7,1391
344,True,255.0,15.299999999999999,1390,1388,0,1387,6,1389
346,True,255.0,15.299999999999999,1391,1390,1,1389,6,1390
350,True,255.0,15.299999999999999,1391,1391,0,1390,6,1390
356,True,255.0,15.299999999999999,1393,1391,0,1390,7,1392
358,True,255.0,15.299999999999999,1391,1389,0,1388,6,1390
363,True,255.0,15.299999999999999,1391,1389,0,1388,6,1390
364,True,255.0,15.299999999999999,1393,1392,1,1391,7,1392
365,True,255.0,15.299999999999999,1391,1389,0,1388,6,1390
366,True,255.0,15.299999999999999,1391,1389,0,1388,6,1390
371,True,255.0,15.299999999999999,1391,1391,0,1390,6,1390
372,True,255.0,15.299999999999999,1392,1391,0,1390,6,1391
374,True,255.0,15.299999999999999,1391,1388,0,1387,7,1390
375,True,255.0,15.299999999999999,1391,1390,0,1389,6,1390
378,True,255.0,15.299999999999999,1392,1389,0,1388,7,1391
379,True,255.0,15.299999999999999,1393,1391,0,1390,7,1392
380,True,250.0,15.0,1394,1392,0,1391,6,1393
382,True,255.0,15.299999999999999,1391,1389,0,1388,7,1390
383,True,255.0,15.299999999999999,1392,1391,0,1390,6,1391
385,True,255.0,15.299999999999999,1389,1388,0,1387,6,1388
392,True,255.0,15.299999999999999,1393,1391,0,1390,6,1392
394,True,255.0,15.299999999999999,1395,1390,0,1389,2,1394
395,True,255.0,15.299999999999999,1391,1390,0,1389,6,1390
397,True,255.0,15.299999999999999,1392,1390,0,1389,5,1391
402,True,255.0,15.299999999999999,1391,1389,0,1388,6,1390
403,True,255.0,15.299999999999999,1391,1388,0,1387,6,1390
406,True,255.0,15.299999999999999,1391,1390,0,1389,6,1390
408,True,255.0,15.299999999999999,1391,1389,0,1388,6,1390
410,True,255.0,15.299999999999999,1391,1390,0,1389,6,1390
413,True,255.0,15.299999999999999,1391,1390,0,1389,6,1390
414,True,255.0,15.299999999999999,1392,1390,0,1389,6,1391
420,True,255.0,15.299999999999999,1391,1388,0,1387,7,1390
421,True,255.0,15.299999999999999,1391,1389,0,1388,6,1390
426,True,255.0,15.299999999999999,1392,1391,0,1390,7,1391
429,True,255.0,15.299999999999999,1391,1390,0,1389,6,1390
430,True,255.0,15.299999999999999,1392,1390,0,1389,7,1391
431,True,255.0,15.299999999999999,1391,1390,0,1389,6,1390
434,True,255.0,15.299999999999999,1391,1390,0,1389,6,1390
435,True,255.0,15.299999999999999,1391,1390,0,1389,6,1390
441,True,254.0,15.24,1391,1389,0,1388,6,1390
442,True,255.0,15.299999999999999,1391,1390,0,1389,6,1390
443,True,255.0,15.299999999999999,1391,1389,0,1388,6,1390
444,True,255.0,15.299999999999999,1392,1390,0,1389,5,1391
446,True,255.0,15.299999999999999,1391,1389,0,1388,6,1390
449,True,255.0,15.299999999999999,1392,1390,0,1389,7,1391
452,True,255.0,15.299999999999999,1391,1390,0,1389,6,1390
454,True,255.0,15.299999999999999,1391,1389,0,1388,6,1390
456,True,255.0,15.299999999999999,1391,1389,0,1388,6,1390
458,True,255.0,15.299999999999999,1391,1390,0,1389,6,1390
460,True,255.0,15.299999999999999,1391,1389,0,1388,6,1390
462,True,255.0,15.299999999999999,1392,1390,0,1389,6,1391
463,True,255.0,15.299999999999999,1391,1390,0,1389,6,1390
465,True,255.0,15.299999999999999,1391,1390,0,1389,6,1390
469,True,255.0,15.299999999999999,1393,1391,0,1390,6,1392
473,True,255.0,15.299999999999999,1391,1390,0,1389,6,1390
475,True,255.0,15.299999999999999,1392,1390,0,1389,7,1391
476,True,255.0,15.299999999999999,1392,1389,0,1388,6,1391
478,True,255.0,15.299999999999999,1392,1390,0,1389,7,1391
479,True,255.0,15.299999999999999,1391,1390,0,1389,6,1390
480,True,143.0,8.58,1391,1388,0,1387,7,1390
482,True,255.0,15.299999999999999,1391,1389,0,1388,6,1390
486,True,255.0,15.299999999999999,1397,1391,0,1390,0,1396
487,True,255.0,15.299999999999999,1391,1389,0,1388,6,1390
489,True,255.0,15.299999999999999,1397,1390,0,1389,0,1396
492,True,255.0,15.299999999999999,1391,1390,0,1389,6,1390
496,True,255.0,15.299999999999999,1391,1389,0,1388,6,1390
497,True,255.0,15.299999999999999,1391,1390,0,1389,6,1390
498,True,226.0,13.559999999999999,1391,1388,0,1387,6,1390
500,True,255.0,15.299999999999999,1391,1390,0,1389,6,1390
508,True,255.0,15.299999999999999,1391,1389,0,1388,6,1390
519,True,255.0,15.299999999999999,1391,1389,0,1388,6,1390
522,True,192.0,11.52,1391,1386,0,1385,6,1390
523,True,255.0,15.299999999999999,1391,1389,0,1388,6,1390
529,True,255.0,15.299999999999999,1390,1388,0,1387,6,1389
530,True,255.0,15.299999999999999,1391,1390,1,1389,6,1390
531,True,255.0,15.299999999999999,1391,1389,0,1388,7,1390
533,True,255.0,15.299999999999999,1391,1389,0,1388,6,1390
536,True,255.0,15.299999999999999,1391,1390,0,1389,6,1390
537,True,255.0,15.299999999999999,1391,1389,0,1388,6,1390
539,True,255.0,15.299999999999999,1391,1390,0,1389,6,1390
540,True,255.0,15.299999999999999,1391,1389,0,1388,6,1390
542,True,255.0,15.299999999999999,1392,1390,0,1389,7,1391
550,True,255.0,15.299999999999999,1391,1390,0,1389,6,1390
551,True,255.0,15.299999999999999,1391,1391,0,1390,6,1390
556,True,255.0,15.299999999999999,1393,1393,0,1392,7,1392
560,True,255.0,15.299999999999999,1392,1391,1,1390,7,1391
561,True,255.0,15.299999999999999,1391,1390,0,1389,6,1390
562,True,255.0,15.299999999999999,1391,1390,0,1389,6,1390
563,True,255.0,15.299999999999999,1391,1390,0,1389,6,1390
567,True,255.0,15.299999999999999,1393,1391,0,1390,7,1392
569,True,243.0,14.58,1391,1391,0,1390,6,1390
571,True,255.0,15.299999999999999,1404,1397,0,1396,18,1403
572,True,255.0,15.299999999999999,1392,1390,0,1389,7,1391
573,True,255.0,15.299999999999999,1392,1389,0,1388,7,1391
578,True,255.0,15.299999999999999,1391,1390,0,1389,6,1390
579,True,255.0,15.299999999999999,1392,1390,0,1389,7,1391
581,True,254.0,15.24,1391,1390,0,1389,6,1390
582,True,255.0,15.299999999999999,1391,1391,0,1390,6,1390
583,True,255.0,15.299999999999999,1392,1391,0,1390,7,1391
584,True,255.0,15.299999999999999,1391,1389,0,1388,6,1390
585,True,255.0,15.299999999999999,1391,1391,0,1390,6,1390
591,True,255.0,15.299999999999999,1391,1389,0,1388,6,1390
593,True,255.0,15.299999999999999,1391,1390,0,1389,6,1390
594,True,255.0,15.299999999999999,1391,1389,0,1388,6,1390
595,True,255.0,15.299999999999999,1403,1392,0,1391,7,1398
596,True,255.0,15.299999999999999,1392,1392,1,1391,7,1391
598,True,255.0,15.299999999999999,1393,1390,0,1389,7,1392
599,True,255.0,15.299999999999999,1391,1389,0,1388,7,1390
603,True,255.0,15.299999999999999,1392,1411,0,1410,7,1391
604,True,255.0,15.299999999999999,1392,1391,0,1390,7,1391
605,True,255.0,15.299999999999999,1391,1390,0,1389,6,1390
607,True,255.0,15.299999999999999,1391,1388,0,1387,6,1390
608,True,255.0,15.299999999999999,1391,1388,0,1387,6,1390
613,True,255.0,15.299999999999999,1391,1396,0,1394,6,1390
614,True,255.0,15.299999999999999,1392,1390,0,1389,6,1391
615,True,255.0,15.299999999999999,1392,1392,0,1391,7,1391
616,True,255.0,15.299999999999999,1393,1392,1,1391,7,1392
617,True,255.0,15.299999999999999,1392,1390,0,1389,5,1391
618,True,255.0,15.299999999999999,1391,1390,0,1389,6,1390
622,True,231.0,13.86,1392,1390,1,1389,6,1391
625,True,255.0,15.299999999999999,1391,1391,0,1390,6,1390
626,True,255.0,15.299999999999999,1392,1389,0,1388,6,1391
633,True,255.0,15.299999999999999,1393,1399,0,1392,7,1392
634,True,255.0,15.299999999999999,1391,1389,0,1388,6,1390
635,True,255.0,15.299999999999999,1391,1393,0,1392,6,1390
636,True,255.0,15.299999999999999,1391,1389,0,1388,7,1390
637,True,255.0,15.299999999999999,1391,1389,0,1388,6,1390
639,True,255.0,15.299999999999999,1391,1388,0,1387,7,1390
640,True,255.0,15.299999999999999,1392,1391,0,1390,7,1391
641,True,255.0,15.299999999999999,1391,1390,0,1389,6,1390
645,True,255.0,15.299999999999999,1393,1401,0,1400,5,1392
646,True,255.0,15.299999999999999,1390,1392,1,1391,6,1389
651,True,255.0,15.299999999999999,1392,1390,0,1389,7,1391
653,True,255.0,15.299999999999999,1392,1388,0,1387,7,1391
654,True,255.0,15.299999999999999,1391,1389,0,1388,7,1390
656,True,255.0,15.299999999999999,1391,1390,0,1389,6,1390
658,True,255.0,15.299999999999999,1391,1389,0,1388,6,1390
659,True,255.0,15.299999999999999,1391,1389,0,1388,6,1390
662,True,255.0,15.299999999999999,1391,1388,0,1387,6,1390
663,True,253.0,15.18,1391,1388,0,1387,7,1390
664,True,255.0,15.299999999999999,1391,1390,0,1389,6,1390
666,True,255.0,15.299999999999999,1393,1391,0,1390,7,1392
667,True,255.0,15.299999999999999,1392,1398,0,1394,7,1391
668,True,211.0,12.66,1390,1389,0,1388,6,1389
673,True,255.0,15.299999999999999,1390,1388,0,1387,5,1389
674,True,255.0,15.299999999999999,1391,1390,0,1389,6,1390
675,True,255.0,15.299999999999999,1391,1390,0,1389,6,1390
676,True,255.0,15.299999999999999,1393,1401,0,1399,7,1392
677,True,255.0,15.299999999999999,1391,1391,0,1390,6,1390
678,True,255.0,15.299999999999999,1393,1421,0,1420,6,1392
680,True,255.0,15.299999999999999,1391,1389,0,1388,6,1390
681,True,255.0,15.299999999999999,1391,1389,0,1388,7,1390
682,True,255.0,15.299999999999999,1389,1388,0,1387,6,1388
683,True,255.0,15.299999999999999,1392,1392,0,1391,7,1391
687,True,255.0,15.299999999999999,1393,1391,0,1390,7,1392
690,True,255.0,15.299999999999999,1393,1391,0,1390,7,1392
692,True,255.0,15.299999999999999,1392,1389,0,1388,6,1391
695,True,255.0,15.299999999999999,1392,1389,0,1388,6,1391
698,True,255.0,15.299999999999999,1391,1389,0,1388,7,1390
699,True,255.0,15.299999999999999,1391,1390,0,1389,7,1390
701,True,255.0,15.299999999999999,1391,1388,0,1387,6,1390
704,True,255.0,15.299999999999999,1392,1393,1,1392,6,1391
705,True,255.0,15.299999999999999,1391,1391,0,1390,6,1390
706,True,255.0,15.299999999999999,1391,1391,0,1390,6,1390
707,True,241.0,14.459999999999999,1391,1389,0,1388,6,1390
708,True,255.0,15.299999999999999,1391,1389,0,1388,6,1390
710,True,254.0,15.24,1392,1403,0,1397,7,1391
712,True,255.0,15.299999999999999,1390,1389,0,1388,6,1389
713,True,255.0,15.299999999999999,1390,1389,0,1388,7,1389
715,True,255.0,15.299999999999999,1391,1396,0,1389,7,1390
718,True,255.0,15.299999999999999,1391,1390,0,1389,6,1390
722,True,255.0,15.299999999999999,1390,1390,0,1389,5,1389
724,True,255.0,15.299999999999999,1392,1397,1,1392,7,1391
726,True,255.0,15.299999999999999,1392,1392,0,1391,7,1391
728,True,254.0,15.24,1391,1390,0,1389,6,1390
730,True,255.0,15.299999999999999,1390,1388,0,1387,6,1389
732,True,255.0,15.299999999999999,1393,1392,1,1391,6,1392
733,True,255.0,15.299999999999999,1393,1391,0,1390,7,1392
741,True,255.0,15.299999999999999,1390,1389,0,1388,5,1389
742,True,255.0,15.299999999999999,1391,1390,0,1389,6,1390
743,True,255.0,15.299999999999999,1393,1391,0,1390,7,1392
744,True,255.0,15.299999999999999,1391,1390,0,1389,6,1390
757,True,255.0,15.299999999999999,1390,1389,0,1388,6,1389
758,True,254.0,15.24,1390,1387,1,1386,6,1389
759,True,255.0,15.299999999999999,1391,1397,0,1396,6,1390
766,True,255.0,15.299999999999999,1391,1388,0,1387,6,1390
779,True,255.0,15.299999999999999,1391,1389,0,1388,6,1390
786,True,255.0,15.299999999999999,1392,1390,0,1389,6,1391
787,True,255.0,15.299999999999999,1391,1391,0,1390,6,1390
788,True,255.0,15.299999999999999,1392,1391,0,1390,3,1391
789,True,255.0,15.299999999999999,1423,1441,12,1440,0,1422
790,True,255.0,15.299999999999999,1423,1459,0,1458,0,1422
792,True,255.0,15.299999999999999,1392,1391,0,1390,6,1391
793,True,255.0,15.299999999999999,1391,1390,0,1389,7,1390
795,True,255.0,15.299999999999999,1392,1388,0,1387,3,1391
798,True,255.0,15.299999999999999,1392,1391,0,1390,7,1391
800,True,242.0,14.52,1392,1397,1,1391,6,1391
801,True,243.0,14.58,1391,1408,0,1402,6,1390
802,True,254.0,15.24,1391,1388,0,1387,6,1390
803,True,255.0,15.299999999999999,1391,1387,0,1386,5,1390
804,True,255.0,15.299999999999999,1390,1389,0,1388,6,1389
812,True,240.0,14.399999999999999,1392,1389,0,1388,4,1391
816,True,250.0,15.0,1392,1390,0,1389,6,1391
817,True,255.0,15.299999999999999,1393,1389,0,1388,6,1392
821,True,255.0,15.299999999999999,1390,1389,0,1388,6,1389
824,True,229.0,13.74,1389,1388,0,1387,6,1388
825,True,236.0,14.16,1390,1387,0,1386,6,1389
826,True,255.0,15.299999999999999,1390,1412,0,1411,5,1389
827,True,255.0,15.299999999999999,1393,1391,0,1390,5,1392
828,True,255.0,15.299999999999999,1392,1389,0,1388,6,1391
829,True,255.0,15.299999999999999,1389,1387,0,1386,5,1388
831,True,253.0,15.18,1390,1388,0,1387,6,1389
833,True,255.0,15.299999999999999,1389,1387,0,1386,6,1388
834,True,255.0,15.299999999999999,1393,1396,1,1391,5,1392
835,True,255.0,15.299999999999999,1390,1389,0,1388,5,1389
840,True,242.0,14.52,1390,1387,0,1386,5,1389
841,True,251.0,15.059999999999999,1390,1389,1,1388,6,1389
842,True,255.0,15.299999999999999,1392,1393,0,1392,7,1391
843,True,255.0,15.299999999999999,1391,1388,0,1387,6,1390
844,True,255.0,15.299999999999999,1390,1388,0,1387,5,1389
846,True,255.0,15.299999999999999,1392,1391,0,1389,7,1391
850,True,255.0,15.299999999999999,1390,1388,0,1387,5,1389
852,True,255.0,15.299999999999999,1391,1389,0,1388,5,1390
854,True,255.0,15.299999999999999,1390,1389,0,1388,5,1389
855,True,237.0,14.219999999999999,1390,1389,0,1388,5,1389
858,True,255.0,15.299999999999999,1392,1399,0,1398,3,1391
859,True,255.0,15.299999999999999,1399,1394,0,1390,14,1398
862,True,149.0,8.94,1391,1387,0,1386,7,1390
863,True,255.0,15.299999999999999,1390,1388,0,1387,6,1389
866,True,218.0,13.08,1389,1387,0,1386,6,1388
868,True,255.0,15.299999999999999,1392,1389,0,1388,6,1391
872,True,255.0,15.299999999999999,1391,1389,0,1388,6,1390
874,True,255.0,15.299999999999999,1389,1387,0,1386,4,1388
876,True,255.0,15.299999999999999,1391,1405,0,1403,6,1390
880,True,235.0,14.1,1391,1388,0,1387,5,1390
881,True,207.0,12.42,1405,1385,0,1383,20,1404
883,True,255.0,15.299999999999999,1391,1393,0,1391,6,1390
885,True,255.0,15.299999999999999,1391,1391,0,1390,4,1390
889,True,255.0,15.299999999999999,1391,1389,1,1388,7,1390
893,True,255.0,15.299999999999999,1392,1390,1,1389,7,1391
895,True,255.0,15.299999999999999,1391,1389,0,1388,7,1390
898,True,255.0,15.299999999999999,1391,1389,0,1388,6,1390
899,True,231.0,13.86,1391,1389,0,1388,7,1390
900,True,255.0,15.299999999999999,1391,1387,0,1386,7,1390
903,True,218.0,13.08,1392,1391,1,1390,7,1391
905,True,255.0,15.299999999999999,1391,1390,0,1389,6,1390
911,True,255.0,15.299999999999999,1391,1389,0,1388,6,1390
912,True,255.0,15.299999999999999,1389,1389,0,1388,6,1388
916,True,255.0,15.299999999999999,1391,1390,0,1389,6,1390
917,True,255.0,15.299999999999999,1391,1388,0,1387,6,1390
921,True,255.0,15.299999999999999,1392,1406,0,1405,7,1391
922,True,255.0,15.299999999999999,1394,1392,0,1391,6,1393
924,True,255.0,15.299999999999999,1393,1389,0,1388,7,1392
925,True,255.0,15.299999999999999,1391,1395,0,1391,6,1390
926,True,255.0,15.299999999999999,1391,1388,0,1387,7,1390
934,True,249.0,14.94,1391,1389,0,1388,7,1390
936,True,255.0,15.299999999999999,1391,1388,0,1387,7,1390
937,True,213.0,12.78,1388,1226,7,1225,10,1387
939,True,221.0,13.26,1391,1389,1,1388,6,1390
940,True,255.0,15.299999999999999,1394,1390,0,1389,6,1393
941,True,255.0,15.299999999999999,1391,1390,0,1389,7,1390
942,True,255.0,15.299999999999999,1391,1389,0,1388,6,1390
944,True,255.0,15.299999999999999,1391,1388,0,1387,7,1390
947,True,255.0,15.299999999999999,1390,1388,0,1387,6,1389
948,True,255.0,15.299999999999999,1393,1391,0,1390,7,1392
949,True,255.0,15.299999999999999,1391,1390,0,1389,6,1390
950,True,242.0,14.52,1391,1389,1,1388,6,1390
956,True,255.0,15.299999999999999,1392,1390,0,1389,6,1391
958,True,255.0,15.299999999999999,1392,1390,0,1389,7,1391
960,True,252.0,15.12,1389,929,15,928,45,1356
961,True,234.0,14.04,1388,944,0,913,43,1359
965,True,255.0,15.299999999999999,1391,1388,0,1387,7,1390
969,True,255.0,15.299999999999999,1391,1388,0,1387,7,1390
972,True,255.0,15.299999999999999,1391,1391,0,1390,6,1390
974,True,255.0,15.299999999999999,1392,1388,0,1387,8,1391
975,True,255.0,15.299999999999999,1391,1389,0,1388,7,1390
980,True,254.0,15.24,1393,1390,0,1389,7,1392
983,True,255.0,15.299999999999999,1391,1392,0,1390,6,1390
984,True,255.0,15.299999999999999,1391,1388,0,1387,7,1390
985,True,255.0,15.299999999999999,1391,1388,0,1387,7,1390
988,True,255.0,15.299999999999999,1391,1389,0,1388,7,1390
997,True,255.0,15.299999999999999,1393,1390,0,1389,7,1392
1000,True,255.0,15.299999999999999,1389,1387,0,1386,6,1388
1001,True,255.0,15.299999999999999,1391,1389,0,1388,7,1390
1002,True,255.0,15.299999999999999,1391,1388,0,1387,6,1390
1003,True,255.0,15.299999999999999,1393,1390,0,1389,7,1392
1010,True,255.0,15.299999999999999,1392,1391,0,1390,6,1391
1011,True,217.0,13.02,1391,1388,0,1387,5,1390
1012,True,250.0,15.0,1391,1389,0,1388,7,1390
1013,True,251.0,15.059999999999999,1391,1390,0,1389,6,1390
1015,True,246.0,14.76,1390,1388,0,1387,6,1389
1016,True,255.0,15.299999999999999,1391,1388,0,1387,6,1390
1017,True,255.0,15.299999999999999,1391,1388,0,1387,6,1390
1022,True,255.0,15.299999999999999,1391,1388,0,1387,6,1390
1024,True,255.0,15.299999999999999,1391,1388,0,1387,6,1390
1025,True,255.0,15.299999999999999,1391,1390,0,1389,6,1390
1026,True,250.0,15.0,1391,1388,0,1387,6,1390
1027,True,255.0,15.299999999999999,1392,1390,1,1389,7,1391
1032,True,255.0,15.299999999999999,1391,1389,0,1388,5,1390
1035,True,255.0,15.299999999999999,1391,1388,0,1387,7,1390
1036,True,255.0,15.299999999999999,1391,1389,0,1388,7,1390
1037,True,255.0,15.299999999999999,1392,1390,0,1389,6,1391
1040,True,255.0,15.299999999999999,1390,1389,0,1388,5,1389
1041,True,255.0,15.299999999999999,1391,1388,0,1387,6,1390
1043,True,255.0,15.299999999999999,1391,1389,0,1388,7,1390
1045,True,255.0,15.299999999999999,1391,1389,0,1388,6,1390
1046,True,255.0,15.299999999999999,1392,1390,1,1389,6,1391
1049,True,255.0,15.299999999999999,1391,1389,0,1388,6,1390
1052,True,216.0,12.959999999999999,1389,1387,0,1386,6,1388
1053,True,255.0,15.299999999999999,1390,1389,0,1388,6,1389
1061,True,255.0,15.299999999999999,1389,1388,0,1387,6,1388
1062,True,253.0,15.18,1391,1388,0,1387,7,1390
1063,True,255.0,15.299999999999999,1390,1388,0,1387,5,1389
1065,True,255.0,15.299999999999999,1391,1388,0,1387,5,1390
1066,True,255.0,15.299999999999999,1390,1389,0,1388,5,1389
1070,True,255.0,15.299999999999999,1391,1389,0,1388,7,1390
1071,True,255.0,15.299999999999999,1391,1388,0,1387,6,1390
1073,True,255.0,15.299999999999999,1390,1388,1,1387,6,1389
1075,True,255.0,15.299999999999999,1391,1389,0,1388,6,1390
1077,True,255.0,15.299999999999999,1391,1388,0,1387,7,1390
1079,True,217.0,13.02,1390,1389,0,1388,6,1389
1082,True,255.0,15.299999999999999,1390,1388,0,1387,6,1389
1085,True,255.0,15.299999999999999,1392,1389,0,1388,5,1391
1086,True,255.0,15.299999999999999,1392,1389,0,1388,6,1391
1089,True,255.0,15.299999999999999,1392,1391,0,1390,7,1391
1090,True,240.0,14.399999999999999,1392,1388,0,1387,8,1391
1093,True,255.0,15.299999999999999,1391,1387,0,1386,7,1390
1096,True,255.0,15.299999999999999,1391,1389,1,1388,6,1390
1099,True,255.0,15.299999999999999,1392,1389,0,1388,7,1391
1100,True,255.0,15.299999999999999,1393,1390,0,1389,7,1392
1101,True,232.0,13.92,1392,1391,0,1390,6,1391
1102,True,211.0,12.66,1393,1392,1,1391,7,1392
1104,True,242.0,14.52,1390,1388,0,1387,5,1389
1105,True,255.0,15.299999999999999,1405,1395,0,1394,0,1396
1106,True,255.0,15.299999999999999,1391,1387,0,1386,7,1390
1107,True,255.0,15.299999999999999,1391,1388,0,1387,6,1390
1109,True,255.0,15.299999999999999,1391,1389,1,1388,6,1390
1110,True,255.0,15.299999999999999,1392,1389,0,1388,6,1391
1112,True,219.0,13.139999999999999,1390,1388,0,1387,5,1389
1113,True,255.0,15.299999999999999,1390,1387,0,1386,7,1389
1117,True,255.0,15.299999999999999,1392,1389,0,1388,6,1391
1119,True,243.0,14.58,1389,1387,0,1386,6,1388
1123,True,229.0,13.74,1391,1390,0,1389,6,1390
1124,True,255.0,15.299999999999999,1391,1389,0,1388,7,1390
1126,True,255.0,15.299999999999999,1391,1388,0,1387,6,1390
1127,True,255.0,15.299999999999999,1391,1389,0,1388,6,1390
1129,True,255.0,15.299999999999999,1391,1389,0,1388,6,1390
1132,True,255.0,15.299999999999999,1393,1391,0,1390,6,1392
1133,True,255.0,15.299999999999999,1391,1389,0,1388,6,1390
1134,True,255.0,15.299999999999999,1391,1388,0,1387,7,1390
1135,True,234.0,14.04,1391,1389,0,1388,7,1390
1136,True,240.0,14.399999999999999,1392,1389,1,1388,6,1391
1137,True,246.0,14.76,1390,1388,0,1387,6,1389
1138,True,255.0,15.299999999999999,1390,1387,0,1386,5,1389
1139,True,255.0,15.299999999999999,1391,1388,0,1387,4,1390
1141,True,255.0,15.299999999999999,1393,1391,0,1390,8,1392
1142,True,255.0,15.299999999999999,1391,1388,0,1387,7,1390
1143,True,255.0,15.299999999999999,1391,1389,0,1388,6,1390
1144,True,255.0,15.299999999999999,1393,1390,0,1389,7,1392
1145,True,255.0,15.299999999999999,1391,1389,1,1388,6,1390
1147,True,255.0,15.299999999999999,1393,1390,0,1389,7,1392
1151,True,255.0,15.299999999999999,1393,1390,0,1389,7,1392
1154,True,246.0,14.76,1391,1389,0,1388,6,1390
1155,True,255.0,15.299999999999999,1391,1387,0,1386,7,1390
1156,True,255.0,15.299999999999999,1391,1389,0,1388,7,1390
1158,True,255.0,15.299999999999999,1391,1389,0,1388,6,1390
1159,True,255.0,15.299999999999999,1391,1389,0,1388,7,1390
1160,True,255.0,15.299999999999999,1393,1390,0,1389,7,1392
1161,True,255.0,15.299999999999999,1391,1389,0,1388,7,1390
1163,True,214.0,12.84,1389,1388,0,1387,8,1388
1166,True,255.0,15.299999999999999,1394,1391,0,1390,6,1393
1167,True,255.0,15.299999999999999,1392,1388,0,1387,7,1391
1168,True,255.0,15.299999999999999,1391,1388,0,1387,7,1390
1172,True,244.0,14.639999999999999,1391,1389,1,1388,7,1390
1175,True,255.0,15.299999999999999,1392,1390,0,1389,5,1391
1176,True,255.0,15.299999999999999,1392,1390,0,1389,7,1391
1180,True,255.0,15.299999999999999,1391,1389,0,1388,7,1390
1181,True,255.0,15.299999999999999,1392,1389,1,1388,6,1391
1183,True,255.0,15.299999999999999,1394,1389,0,1388,9,1393
1184,True,234.0,14.04,1390,1389,0,1388,6,1389
1185,True,255.0,15.299999999999999,1390,1389,0,1388,5,1389
1186,True,255.0,15.299999999999999,1391,1389,0,1388,7,1390
1187,True,255.0,15.299999999999999,1393,1388,0,1387,5,1392
1188,True,255.0,15.299999999999999,1392,1389,0,1388,8,1391
1189,True,255.0,15.299999999999999,1390,1389,0,1388,5,1389
1190,True,229.0,13.74,1392,1388,0,1387,8,1391
1193,True,255.0,15.299999999999999,1391,1389,0,1388,6,1390
1194,True,255.0,15.299999999999999,1391,1389,0,1388,6,1390
1195,True,209.0,12.54,1391,1390,1,1389,7,1390
1197,True,253.0,15.18,1391,1388,0,1387,7,1390
1198,True,255.0,15.299999999999999,1392,1389,0,1388,6,1391
1199,True,238.0,14.28,1391,1388,0,1387,8,1390
1200,True,236.0,14.16,1391,1389,0,1388,7,1390
1201,True,255.0,15.299999999999999,1391,1388,0,1387,6,1390
1202,True,234.0,14.04,1391,1389,0,1388,7,1390
1206,True,255.0,15.299999999999999,1390,1388,0,1387,5,1389
1207,True,255.0,15.299999999999999,1390,1388,0,1387,6,1389
1208,True,255.0,15.299999999999999,1391,1388,0,1387,7,1390
1209,True,255.0,15.299999999999999,1390,1389,0,1388,6,1389
1214,True,255.0,15.299999999999999,1390,1388,0,1387,6,1389
1215,True,255.0,15.299999999999999,1391,1390,0,1389,6,1390
1216,True,246.0,14.76,1391,1389,1,1388,7,1390
1219,True,255.0,15.299999999999999,1391,1390,0,1389,6,1390
1220,True,255.0,15.299999999999999,1390,1389,0,1388,6,1389
1225,True,255.0,15.299999999999999,1392,1389,0,1388,6,1391
1226,True,252.0,15.12,1391,1389,1,1388,6,1390
1227,True,255.0,15.299999999999999,1391,1388,0,1387,6,1390
1234,True,160.0,9.6,1391,1385,0,1383,7,1390
1237,True,255.0,15.299999999999999,1390,1388,0,1387,5,1389
1238,True,255.0,15.299999999999999,1391,1388,0,1387,7,1390
1239,True,255.0,15.299999999999999,1391,1388,0,1387,7,1390
1240,True,255.0,15.299999999999999,1391,1389,0,1388,6,1390
1241,True,240.0,14.399999999999999,1391,1389,0,1388,6,1390
1244,True,251.0,15.059999999999999,1391,1388,0,1387,6,1390
1245,True,255.0,15.299999999999999,1391,1389,1,1388,7,1390
1247,True,255.0,15.299999999999999,1391,1388,0,1387,7,1390
1250,True,255.0,15.299999999999999,1392,1389,0,1388,7,1391
1251,True,255.0,15.299999999999999,1390,1399,0,1398,7,1389
1254,True,255.0,15.299999999999999,1391,1389,0,1388,6,1390
1255,True,255.0,15.299999999999999,1391,1388,0,1387,7,1390
1257,True,255.0,15.299999999999999,1391,1390,0,1389,6,1390
1258,True,255.0,15.299999999999999,1392,1390,0,1389,7,1391
1261,True,255.0,15.299999999999999,1390,1389,0,1388,7,1389
1262,True,255.0,15.299999999999999,1390,1389,0,1388,7,1389
1264,True,255.0,15.299999999999999,1391,1389,0,1388,6,1390
1265,True,255.0,15.299999999999999,1390,1389,0,1388,7,1389
1267,True,255.0,15.299999999999999,1391,1389,0,1388,6,1390
1271,True,255.0,15.299999999999999,1394,1420,0,1419,3,1393
1272,True,255.0,15.299999999999999,1391,1389,0,1388,6,1390
1273,True,228.0,13.68,1391,1389,0,1388,7,1390
1275,True,255.0,15.299999999999999,1391,1389,0,1388,6,1390
1276,True,255.0,15.299999999999999,1391,1388,0,1387,7,1390
1277,True,255.0,15.299999999999999,1391,1389,0,1388,7,1390
1280,True,255.0,15.299999999999999,1391,1389,0,1388,6,1390
1281,True,255.0,15.299999999999999,1391,1389,0,1388,6,1390
1283,True,255.0,15.299999999999999,1391,1389,0,1388,7,1390
1284,True,255.0,15.299999999999999,1392,1390,0,1389,6,1391
1290,True,239.0,14.34,1392,1388,0,1387,6,1391
1292,True,255.0,15.299999999999999,1393,1390,1,1389,6,1392
1295,True,255.0,15.299999999999999,1391,1389,0,1388,6,1390
1296,True,255.0,15.299999999999999,1392,1391,0,1390,5,1391
1297,True,255.0,15.299999999999999,1391,1388,0,1387,7,1390
1299,True,255.0,15.299999999999999,1391,1388,0,1387,7,1390
1300,True,255.0,15.299999999999999,1393,1389,0,1388,5,1392
1303,True,255.0,15.299999999999999,1391,1389,0,1388,6,1390
1305,True,255.0,15.299999999999999,1392,1388,0,1387,6,1391
1307,True,255.0,15.299999999999999,1390,1387,0,1386,6,1389
1309,True,255.0,15.299999999999999,1392,1390,0,1389,5,1391
1310,True,255.0,15.299999999999999,1391,1389,0,1388,7,1390
1311,True,255.0,15.299999999999999,1391,1389,0,1388,7,1390
1312,True,255.0,15.299999999999999,1390,1387,0,1386,6,1389
1314,True,255.0,15.299999999999999,1392,1393,0,1392,7,1391
1318,True,255.0,15.299999999999999,1392,1390,0,1389,6,1391
1320,True,236.0,14.16,1390,1388,0,1387,5,1389
1321,True,255.0,15.299999999999999,1392,1388,0,1387,7,1391
1322,True,255.0,15.299999999999999,1391,1390,0,1389,6,1390
1323,True,255.0,15.299999999999999,1392,1390,0,1389,6,1391
1325,True,253.0,15.18,1391,1390,0,1389,6,1390
1329,True,255.0,15.299999999999999,1390,1388,0,1387,6,1389
1330,True,253.0,15.18,1390,1389,0,1388,5,1389
1331,True,242.0,14.52,1392,1388,0,1387,6,1391
1332,True,255.0,15.299999999999999,1390,1389,0,1388,5,1389
1333,True,255.0,15.299999999999999,1391,1389,0,1388,6,1390
1334,True,255.0,15.299999999999999,1392,1389,0,1388,6,1391
1335,True,254.0,15.24,1391,1390,0,1389,6,1390
1336,True,255.0,15.299999999999999,1391,1391,0,1390,6,1390
1337,True,255.0,15.299999999999999,1392,1389,0,1388,6,1391
1346,True,238.0,14.28,1391,1390,0,1389,6,1390
1348,True,255.0,15.299999999999999,1392,1388,0,1387,7,1391
1349,True,255.0,15.299999999999999,1391,1389,0,1388,7,1390
1350,True,255.0,15.299999999999999,1392,1389,0,1388,5,1391
1351,True,255.0,15.299999999999999,1392,1389,0,1388,5,1391
1352,True,254.0,15.24,1392,1390,0,1389,5,1391
1353,True,247.0,14.82,1404,1408,1,1401,19,1403
1354,True,194.0,11.639999999999999,1390,1387,0,1386,6,1389
1355,True,239.0,14.34,1390,1388,0,1387,7,1389
1356,True,255.0,15.299999999999999,1392,1392,0,1391,6,1391
1358,True,241.0,14.459999999999999,1391,1390,1,1389,6,1390
1362,True,255.0,15.299999999999999,1391,1390,0,1389,6,1390
1364,True,255.0,15.299999999999999,1393,1390,0,1389,7,1392
1365,True,255.0,15.299999999999999,1391,1389,0,1388,7,1390
1369,True,255.0,15.299999999999999,1391,1390,0,1389,6,1390
1372,True,255.0,15.299999999999999,1393,1391,0,1390,7,1392
1373,True,255.0,15.299999999999999,1391,1389,0,1388,6,1390
1375,True,255.0,15.299999999999999,1392,1390,0,1389,6,1391
1376,True,255.0,15.299999999999999,1393,1391,1,1390,7,1392
1377,True,255.0,15.299999999999999,1391,1390,0,1389,6,1390
1378,True,255.0,15.299999999999999,1391,1391,1,1390,7,1390
1379,True,255.0,15.299999999999999,1392,1389,0,1388,8,1391
1380,True,255.0,15.299999999999999,1391,1388,0,1387,7,1390
1381,True,255.0,15.299999999999999,1393,1391,0,1390,7,1392
1382,True,255.0,15.299999999999999,1392,1390,0,1389,7,1391
1384,True,255.0,15.299999999999999,1391,1390,0,1389,6,1390
1385,True,255.0,15.299999999999999,1391,1389,0,1388,6,1390
1386,True,255.0,15.299999999999999,1409,1401,0,1400,0,1395
1387,True,241.0,14.459999999999999,1393,1390,0,1389,7,1392
1388,True,255.0,15.299999999999999,1391,1389,0,1388,6,1390
1391,True,255.0,15.299999999999999,1391,1389,0,1388,6,1390
1392,True,255.0,15.299999999999999,1391,1389,0,1388,6,1390
1395,True,255.0,15.299999999999999,1391,1388,0,1387,6,1390
1396,True,255.0,15.299999999999999,1392,1390,0,1389,6,1391
1397,True,255.0,15.299999999999999,1393,1391,0,1390,7,1392
1398,True,255.0,15.299999999999999,1393,1392,0,1391,7,1392
1399,True,255.0,15.299999999999999,1392,1391,0,1390,7,1391
1400,True,255.0,15.299999999999999,1394,1391,0,1390,5,1393
1401,True,255.0,15.299999999999999,1393,1390,0,1389,6,1392
1402,True,255.0,15.299999999999999,1392,1389,0,1388,6,1391
1403,True,244.0,14.639999999999999,1391,1387,0,1386,7,1390
1404,True,255.0,15.299999999999999,1392,1390,0,1389,7,1391
1408,True,255.0,15.299999999999999,1393,1390,0,1389,7,1392
1409,True,255.0,15.299999999999999,1391,1390,0,1389,7,1390
1410,True,255.0,15.299999999999999,1391,1388,0,1387,7,1390
1411,True,255.0,15.299999999999999,1391,1387,0,1386,7,1390
1412,True,255.0,15.299999999999999,1391,1389,0,1388,6,1390
1413,True,255.0,15.299999999999999,1390,1389,0,1388,5,1389
1415,True,255.0,15.299999999999999,1391,1390,0,1389,6,1390
1416,True,254.0,15.24,1391,1389,0,1388,6,1390
1418,True,255.0,15.299999999999999,1393,1393,1,1392,6,1392
1419,True,255.0,15.299999999999999,1391,1391,0,1390,6,1390
1420,True,255.0,15.299999999999999,1391,1390,0,1389,6,1390
1429,True,255.0,15.299999999999999,1393,1390,0,1389,6,1392
1431,True,255.0,15.299999999999999,1391,1389,0,1388,7,1390
1433,True,255.0,15.299999999999999,1392,1389,0,1388,7,1391
1435,True,255.0,15.299999999999999,1392,1390,0,1389,6,1391
1436,True,255.0,15.299999999999999,1391,1389,0,1388,7,1390
1448,True,255.0,15.299999999999999,1391,1388,0,1387,7,1390
1449,True,255.0,15.299999999999999,1391,1389,0,1388,6,1390
1451,True,255.0,15.299999999999999,1391,1389,0,1388,7,1390
1452,True,255.0,15.299999999999999,1390,1388,0,1387,6,1389
1453,True,255.0,15.299999999999999,1389,1105,30,1104,21,1381
1454,True,255.0,15.299999999999999,1390,1388,0,1387,5,1389
1455,True,255.0,15.299999999999999,1391,1389,0,1388,6,1390
1456,True,255.0,15.299999999999999,1392,1388,0,1387,6,1391
1457,True,255.0,15.299999999999999,1390,1388,0,1387,5,1389
1462,True,255.0,15.299999999999999,1391,1389,0,1388,6,1390
1463,True,255.0,15.299999999999999,1390,1389,0,1388,5,1389
1464,True,255.0,15.299999999999999,1392,1389,0,1388,6,1391
1465,True,255.0,15.299999999999999,1392,1390,0,1389,6,1391
1466,True,255.0,15.299999999999999,1391,1388,0,1387,7,1390
1468,True,255.0,15.299999999999999,1391,1388,0,1387,6,1390
1471,True,255.0,15.299999999999999,1391,1388,0,1387,6,1390
1472,True,255.0,15.299999999999999,1390,1388,0,1387,6,1389
1473,True,255.0,15.299999999999999,1391,1390,0,1389,6,1390
1474,True,255.0,15.299999999999999,1391,1390,0,1389,6,1390
1475,True,255.0,15.299999999999999,1390,1389,0,1388,5,1389
1476,True,255.0,15.299999999999999,1392,1390,0,1389,6,1391
1477,True,255.0,15.299999999999999,1391,1415,0,1414,0,1387
1481,True,255.0,15.299999999999999,1392,1390,0,1389,0,1389
1482,True,255.0,15.299999999999999,1391,1389,0,1388,0,1389
1484,True,255.0,15.299999999999999,1390,1388,0,1387,0,1389
1485,True,255.0,15.299999999999999,1391,1388,0,1387,0,1389
1487,True,214.0,12.84,1391,1388,0,1387,0,1388
1488,True,248.0,14.879999999999999,1390,1389,0,1388,0,1389
1491,True,255.0,15.299999999999999,1391,1407,6,1402,12,1390
1493,True,255.0,15.299999999999999,1391,1401,0,1400,11,1390
1495,True,255.0,15.299999999999999,2847,3803,0,3802,0,2846
1497,True,246.0,14.76,2847,3421,1,3420,0,2846
1498,True,255.0,15.299999999999999,2847,3419,0,3418,0,2846
1499,True,255.0,15.299999999999999,2847,3411,0,3410,0,2846
1502,True,255.0,15.299999999999999,2847,3521,16,3495,0,2846
1503,True,255.0,15.299999999999999,2847,3412,0,3411,0,2846
1504,True,255.0,15.299999999999999,2847,3414,1,3413,0,2846
1505,True,255.0,15.299999999999999,2847,3412,0,3411,0,2846
1506,True,147.0,8.82,2847,3408,0,3407,0,2846
1508,True,255.0,15.299999999999999,2847,3430,0,3428,0,2846
1509,True,194.0,11.639999999999999,2847,3410,0,3409,0,2846
1510,True,232.0,13.92,2847,3412,1,3411,0,2846
1512,True,225.0,13.5,2847,3413,0,3412,0,2846
1514,True,255.0,15.299999999999999,2847,3412,0,3411,0,2846
1515,True,255.0,15.299999999999999,2847,3412,1,3411,0,2846
1516,True,255.0,15.299999999999999,2847,3420,1,3419,0,2846
1517,True,228.0,13.68,2847,3409,0,3408,0,2846
1518,True,255.0,15.299999999999999,2847,3414,1,3413,0,2846
1519,True,255.0,15.299999999999999,2847,3412,0,3411,0,2846
1522,True,255.0,15.299999999999999,2847,3413,1,3412,0,2846
1524,True,255.0,15.299999999999999,2847,3413,1,3412,0,2846
1525,True,255.0,15.299999999999999,2847,3437,21,3436,0,2846
1526,True,255.0,15.299999999999999,2847,3412,1,3411,0,2846
1530,True,255.0,15.299999999999999,2847,3439,1,3423,0,2846
1533,True,255.0,15.299999999999999,2847,3410,0,3409,0,2846
1534,True,255.0,15.299999999999999,2847,3430,1,3418,0,2846
1538,True,255.0,15.299999999999999,2847,3411,0,3410,0,2846
1539,True,255.0,15.299999999999999,2847,3473,8,3471,0,2846
1541,True,255.0,15.299999999999999,2847,3428,0,3427,0,2846
1542,True,255.0,15.299999999999999,2847,3429,10,3428,0,2846
1543,True,255.0,15.299999999999999,2847,3480,18,3479,0,2846
1544,True,255.0,15.299999999999999,2847,3429,0,3420,0,2846
1546,True,255.0,15.299999999999999,2847,3412,0,3411,0,2846
1548,True,255.0,15.299999999999999,2847,3427,9,3426,0,2846
1549,True,255.0,15.299999999999999,2847,3417,0,3411,0,2846
1551,True,226.0,13.559999999999999,2847,3409,0,3408,0,2846
1553,True,255.0,15.299999999999999,2847,3413,1,3412,0,2846
1555,True,255.0,15.299999999999999,2847,3418,0,3412,0,2846
1558,True,255.0,15.299999999999999,2847,3411,0,3410,0,2846
1561,True,255.0,15.299999999999999,2847,3409,0,3408,0,2846
1562,True,255.0,15.299999999999999,2847,3411,0,3410,0,2846
1564,True,255.0,15.299999999999999,2847,3411,0,3410,0,2846
1565,True,255.0,15.299999999999999,2847,3454,1,3453,0,2846
1570,True,255.0,15.299999999999999,2847,3413,0,3412,0,2846
1582,True,255.0,15.299999999999999,2847,3412,0,3411,0,2846
1584,True,255.0,15.299999999999999,2847,3412,1,3411,0,2846
1586,True,255.0,15.299999999999999,2847,3516,0,3515,0,2846
1587,True,255.0,15.299999999999999,2847,3437,0,3429,0,2846
1588,True,255.0,15.299999999999999,2847,3413,0,3412,0,2846
1591,True,255.0,15.299999999999999,2847,3429,9,3428,0,2846
1593,True,255.0,15.299999999999999,2847,3413,0,3412,0,2846
1596,True,255.0,15.299999999999999,2847,3532,0,3531,0,2846
1597,True,255.0,15.299999999999999,2847,3441,28,3440,0,2846
1601,True,255.0,15.299999999999999,2847,3412,0,3411,0,2846
1602,True,255.0,15.299999999999999,2847,3424,0,3423,0,2846
1610,True,255.0,15.299999999999999,2847,3421,1,3420,0,2846
1612,True,220.0,13.2,2847,3412,0,3411,0,2846
1614,True,255.0,15.299999999999999,2847,3409,0,3408,0,2846
1616,True,206.0,12.36,2847,3410,0,3409,0,2846
1623,True,255.0,15.299999999999999,2847,3421,0,3420,0,2846
1624,True,255.0,15.299999999999999,2847,3414,0,3413,0,2846
1626,True,255.0,15.299999999999999,2847,3480,0,3479,0,2846
1627,True,255.0,15.299999999999999,2847,3416,0,3415,0,2846
1628,True,255.0,15.299999999999999,2847,3416,0,3412,0,2846
1629,True,255.0,15.299999999999999,2847,3475,0,3472,0,2846
1636,True,255.0,15.299999999999999,2847,3441,0,3432,0,2846
1638,True,255.0,15.299999999999999,2847,3412,0,3411,0,2846
1639,True,255.0,15.299999999999999,2847,3412,0,3411,0,2846
1640,True,255.0,15.299999999999999,2847,3663,0,3662,0,2846
1643,True,255.0,15.299999999999999,2847,3411,0,3410,0,2846
1644,True,255.0,15.299999999999999,2847,3415,0,3414,0,2846
1645,True,255.0,15.299999999999999,2847,3420,0,3419,0,2846
1646,True,243.0,14.58,2847,3410,0,3409,0,2846
1649,True,255.0,15.299999999999999,2847,3411,0,3410,0,2846
1654,True,255.0,15.299999999999999,2847,3506,0,3505,0,2846
1657,True,255.0,15.299999999999999,2847,3412,0,3411,0,2846
1659,True,255.0,15.299999999999999,2847,3410,0,3409,0,2846
1660,True,252.0,15.12,2847,3408,0,3407,0,2846
1661,True,255.0,15.299999999999999,2847,3532,0,3531,0,2846
1662,True,255.0,15.299999999999999,2847,3425,0,3414,0,2846
1663,True,255.0,15.299999999999999,2847,3411,0,3410,0,2846
1665,True,255.0,15.299999999999999,2847,3411,0,3410,0,2846
1666,True,213.0,12.78,2847,3412,1,3411,0,2846
1667,True,255.0,15.299999999999999,2847,3411,1,3410,0,2846
1668,True,255.0,15.299999999999999,2847,3418,2,3417,0,2846
1674,True,255.0,15.299999999999999,2847,3417,1,3413,0,2846
1675,True,255.0,15.299999999999999,2847,3411,0,3410,0,2846
1681,True,255.0,15.299999999999999,2847,3419,0,3418,0,2846
1682,True,255.0,15.299999999999999,2847,3417,0,3416,0,2846
1684,True,255.0,15.299999999999999,2847,3410,0,3409,0,2846
1687,True,255.0,15.299999999999999,2847,3411,0,3410,0,2846
1689,True,255.0,15.299999999999999,2847,3412,0,3411,0,2846
1690,True,255.0,15.299999999999999,2847,3816,1,3808,0,2846
1691,True,255.0,15.299999999999999,2847,3413,0,3412,0,2846
1693,True,255.0,15.299999999999999,2847,3412,1,3411,0,2846
1695,True,246.0,14.76,2847,3413,0,3412,0,2846
1696,True,255.0,15.299999999999999,2847,3412,0,3411,0,2846
1699,True,255.0,15.299999999999999,2847,3571,0,3570,0,2846
1703,True,255.0,15.299999999999999,2847,3411,1,3410,0,2846
1704,True,255.0,15.299999999999999,2847,3413,0,3412,0,2846
1705,True,255.0,15.299999999999999,2847,3420,0,3413,0,2846
1706,True,255.0,15.299999999999999,2847,3412,0,3410,0,2846
1708,True,244.0,14.639999999999999,2847,3413,0,3412,0,2846
1714,True,255.0,15.299999999999999,2847,3415,0,3414,0,2846
1717,True,255.0,15.299999999999999,2847,3412,0,3411,0,2846
1719,True,255.0,15.299999999999999,2847,3414,2,3413,0,2846
1726,True,255.0,15.299999999999999,2847,3413,0,3412,0,2846
1727,True,255.0,15.299999999999999,2847,3551,0,3506,0,2846
1728,True,255.0,15.299999999999999,2847,3411,1,3410,0,2846
1729,True,242.0,14.52,2847,3417,0,3412,0,2846
1730,True,255.0,15.299999999999999,2847,3418,0,3417,0,2846
1731,True,250.0,15.0,2847,3416,0,3415,0,2846
1732,True,255.0,15.299999999999999,2847,3409,0,3408,0,2846
1733,True,255.0,15.299999999999999,2847,3409,0,3408,0,2846
1734,True,248.0,14.879999999999999,2847,3418,0,3417,0,2846
1736,True,255.0,15.299999999999999,2847,3435,0,3418,0,2846
1741,True,215.0,12.9,1474,1471,0,1470,0,1469
1742,True,255.0,15.299999999999999,1474,1470,0,1469,0,1471
1743,True,255.0,15.299999999999999,1475,1470,0,1469,0,1470
1744,True,255.0,15.299999999999999,1474,1471,0,1470,0,1471
1745,True,255.0,15.299999999999999,1474,1470,0,1469,0,1468
1746,True,255.0,15.299999999999999,1473,1470,0,1469,0,1469
1747,True,255.0,15.299999999999999,1476,1472,0,1471,0,1473
1748,True,255.0,15.299999999999999,1473,1469,0,1468,0,1467
1750,True,255.0,15.299999999999999,1479,1470,0,1469,0,1471
1751,True,255.0,15.299999999999999,1474,1470,0,1469,0,1469
1752,True,255.0,15.299999999999999,1475,1472,1,1471,0,1471
1753,True,255.0,15.299999999999999,1475,1472,1,1471,0,1471
1754,True,255.0,15.299999999999999,1474,1468,0,1467,0,1470
1755,True,255.0,15.299999999999999,1476,1473,1,1472,0,1473
1759,True,255.0,15.299999999999999,1479,1470,0,1469,0,1470
1761,True,255.0,15.299999999999999,1478,1469,0,1468,0,1471
1762,True,252.0,15.12,1475,1471,1,1470,0,1472
1763,True,244.0,14.639999999999999,1473,966,1,938,41,1425
1764,True,255.0,15.299999999999999,1474,1470,0,1469,0,1468
1766,True,255.0,15.299999999999999,1477,1470,0,1469,0,1469
1767,True,255.0,15.299999999999999,1473,1469,0,1468,0,1469
1768,True,229.0,13.74,1478,1470,0,1469,0,1468
1769,True,255.0,15.299999999999999,1474,1470,0,1469,0,1469
1770,True,255.0,15.299999999999999,1474,1471,0,1470,0,1471
1771,True,255.0,15.299999999999999,1473,1468,0,1467,0,1467
1774,True,255.0,15.299999999999999,1474,1472,0,1471,0,1469
1775,True,255.0,15.299999999999999,1476,1472,0,1471,0,1470
1776,True,255.0,15.299999999999999,1475,1471,1,1470,0,1471
1779,True,255.0,15.299999999999999,1474,1470,0,1469,0,1470
1780,True,255.0,15.299999999999999,1473,1469,0,1468,0,1467
1781,True,255.0,15.299999999999999,1476,1472,0,1471,0,1472
1782,True,255.0,15.299999999999999,1473,1469,0,1468,0,1469
1783,True,255.0,15.299999999999999,1476,1472,0,1471,0,1473
1784,True,255.0,15.299999999999999,1474,1470,0,1469,0,1471
1785,True,255.0,15.299999999999999,1475,1472,0,1471,0,1473
1786,True,255.0,15.299999999999999,1475,1472,0,1471,0,1471
1790,True,255.0,15.299999999999999,1473,1471,1,1470,0,1469
1791,True,255.0,15.299999999999999,1474,1471,0,1470,0,1470
1792,True,255.0,15.299999999999999,1474,1470,1,1469,0,1467
1793,True,130.0,7.8,1475,1471,1,1470,0,1470
1795,True,255.0,15.299999999999999,1475,1472,1,1471,0,1471
1796,True,255.0,15.299999999999999,1478,1470,0,1469,0,1468
1797,True,255.0,15.299999999999999,1478,1470,1,1469,0,1469
1800,True,255.0,15.299999999999999,1475,1471,0,1470,0,1471
1802,True,204.0,12.24,1475,1470,0,1469,0,1472
1805,True,255.0,15.299999999999999,1475,1472,0,1471,0,1471
1806,True,255.0,15.299999999999999,1473,1468,0,1467,0,1469
1807,True,255.0,15.299999999999999,1475,1471,0,1470,0,1471
1809,True,255.0,15.299999999999999,1474,1471,1,1470,0,1471
1811,True,255.0,15.299999999999999,1475,1469,0,1468,0,1470
1812,True,251.0,15.059999999999999,1475,1471,0,1470,0,1471
1814,True,255.0,15.299999999999999,1474,1469,0,1468,0,1469
1815,True,255.0,15.299999999999999,1474,1470,0,1469,0,1469
1816,True,250.0,15.0,1474,1470,0,1469,0,1469
1817,True,255.0,15.299999999999999,1475,1471,0,1470,0,1470
1818,True,255.0,15.299999999999999,1474,1471,0,1470,0,1469
1819,True,255.0,15.299999999999999,1474,1470,0,1469,0,1470
1821,True,255.0,15.299999999999999,1474,1470,0,1469,0,1469
1822,True,255.0,15.299999999999999,1475,1472,0,1471,0,1472
1823,True,221.0,13.26,1479,1472,0,1471,0,1470
1825,True,202.0,12.12,1304,1469,5,1464,0,1123
1826,True,255.0,15.299999999999999,1475,1471,0,1470,0,1473
1827,True,255.0,15.299999999999999,1476,1472,0,1471,0,1473
1829,True,255.0,15.299999999999999,1479,1471,0,1470,0,1471
1830,True,255.0,15.299999999999999,1475,1471,0,1470,0,1471
1832,True,255.0,15.299999999999999,1479,1472,0,1471,0,1471
1835,True,255.0,15.299999999999999,1474,1470,0,1469,0,1471
1836,True,255.0,15.299999999999999,1479,1470,0,1469,0,1471
1837,True,255.0,15.299999999999999,1471,1467,0,1466,0,1467
1838,True,255.0,15.299999999999999,1479,1471,1,1470,0,1470
1839,True,255.0,15.299999999999999,1478,1469,0,1468,0,1469
1840,True,225.0,13.5,1475,1472,1,1471,0,1471
1841,True,255.0,15.299999999999999,1474,1470,0,1469,0,1471
1843,True,251.0,15.059999999999999,1476,1471,0,1470,0,1473
1846,True,255.0,15.299999999999999,1474,1470,0,1469,0,1471
1847,True,255.0,15.299999999999999,1478,1468,0,1467,0,1468
1848,True,255.0,15.299999999999999,1484,1471,0,1470,0,1471
1850,True,255.0,15.299999999999999,1473,1470,0,1469,0,1469
1853,True,255.0,15.299999999999999,1474,1471,0,1470,0,1471
1855,True,255.0,15.299999999999999,1474,1469,0,1468,0,1468
1857,True,255.0,15.299999999999999,1474,1471,0,1470,0,1469
1859,True,190.0,11.4,1474,1470,0,1469,0,1469
1860,True,255.0,15.299999999999999,1475,1471,1,1470,0,1471
1861,True,255.0,15.299999999999999,1474,1471,0,1470,0,1471
1862,True,255.0,15.299999999999999,1475,1470,0,1469,0,1471
1863,True,255.0,15.299999999999999,1474,1471,0,1470,0,1471
1864,True,255.0,15.299999999999999,1474,1470,0,1469,0,1469
1865,True,255.0,15.299999999999999,1475,1471,0,1470,0,1471
1867,True,255.0,15.299999999999999,1475,1471,0,1470,0,1471
1869,True,255.0,15.299999999999999,1475,1470,0,1469,0,1473
1871,True,255.0,15.299999999999999,1475,1470,0,1469,0,1471
1872,True,255.0,15.299999999999999,1474,1470,0,1469,0,1469
1873,True,255.0,15.299999999999999,1475,1470,0,1469,0,1471
1874,True,219.0,13.139999999999999,1477,1470,1,1469,0,1466
1875,True,255.0,15.299999999999999,1484,1470,0,1469,0,1471
1876,True,255.0,15.299999999999999,1478,1470,0,1469,0,1469
1877,True,255.0,15.299999999999999,1476,1472,0,1471,0,1473
1878,True,255.0,15.299999999999999,1477,1470,0,1469,0,1467
1879,True,255.0,15.299999999999999,1474,1469,0,1468,0,1471
1881,True,255.0,15.299999999999999,1475,1471,0,1470,0,1470
1882,True,255.0,15.299999999999999,1475,1471,0,1470,0,1471
1883,True,255.0,15.299999999999999,1475,1470,0,1469,0,1471
1884,True,255.0,15.299999999999999,1475,1473,0,1471,0,1471
1885,True,255.0,15.299999999999999,1474,1472,0,1471,0,1471
1886,True,255.0,15.299999999999999,1474,1470,0,1469,0,1468
1888,True,237.0,14.219999999999999,1476,1470,0,1469,0,1471
1890,True,255.0,15.299999999999999,1475,1471,0,1470,0,1471
1893,True,255.0,15.299999999999999,2847,3412,0,3411,0,2846
1894,True,255.0,15.299999999999999,2847,3412,0,3411,0,2846
1895,True,227.0,13.62,2847,3426,1,3415,0,2846
1896,True,248.0,14.879999999999999,2847,3415,2,3413,0,2846
1897,True,255.0,15.299999999999999,2847,3409,0,3408,0,2846
1898,True,255.0,15.299999999999999,2847,3410,0,3409,0,2846
1899,True,255.0,15.299999999999999,2847,3422,0,3421,0,2846
1900,True,255.0,15.299999999999999,2847,3435,9,3428,0,2846
1901,True,255.0,15.299999999999999,2847,3433,0,3432,0,2846
1902,True,255.0,15.299999999999999,2847,3925,0,3924,0,2846
1904,True,255.0,15.299999999999999,2841,3409,0,3408,0,2840
1905,True,255.0,15.299999999999999,2847,3543,48,3508,0,2846
1912,True,255.0,15.299999999999999,2847,3480,0,3436,0,2846
1913,True,245.0,14.7,2847,3444,0,3420,0,2846
1917,True,243.0,14.58,2847,3559,22,3543,0,2846
1918,True,255.0,15.299999999999999,2847,3461,35,3459,0,2846
1919,True,175.0,10.5,2847,3408,0,3407,0,2846
1920,True,255.0,15.299999999999999,2847,3413,1,3412,0,2846
im0001,True,255.0,15.299999999999999,561,648,0,647,0,560
im0006,True,255.0,15.299999999999999,570,647,0,646,0,569
im0009,True,255.0,15.299999999999999,552,646,0,645,0,551
im0012,True,255.0,15.299999999999999,572,681,0,680,0,571
im0015,True,255.0,15.299999999999999,555,647,0,646,0,554
im0021,True,255.0,15.299999999999999,546,559,0,558,0,545
im0030,True,255.0,15.299999999999999,554,647,0,646,0,553
im0031,True,255.0,15.299999999999999,546,645,0,644,0,545
im0032,True,255.0,15.299999999999999,551,648,0,647,0,550
im0038,True,255.0,15.299999999999999,554,647,0,646,0,553
im0039,True,255.0,15.299999999999999,563,648,0,647,0,562
im0040,True,255.0,15.299999999999999,544,647,0,646,0,543
im0041,True,255.0,15.299999999999999,546,648,0,647,0,545
im0046,True,255.0,15.299999999999999,566,648,0,647,0,565
im0050,True,255.0,15.299999999999999,559,648,0,647,0,558
im0056,True,255.0,15.299999999999999,568,662,0,661,0,567
im0057,True,255.0,15.299999999999999,557,668,0,667,0,556
im0060,True,255.0,15.299999999999999,552,645,0,644,0,551
im0063,True,255.0,15.299999999999999,569,649,0,648,0,568
im0068,True,255.0,15.299999999999999,581,649,0,648,0,580
im0069,True,255.0,15.299999999999999,579,656,0,655,0,578
im0070,True,255.0,15.299999999999999,565,648,0,647,0,564
im0076,True,255.0,15.299999999999999,575,647,0,646,0,574
im0081,True,255.0,15.299999999999999,570,647,0,646,0,569
im0082,True,255.0,15.299999999999999,570,649,0,648,0,569
im0085,True,255.0,15.299999999999999,564,647,0,646,0,563
im0087,True,255.0,15.299999999999999,567,647,0,646,0,566
im0094,True,255.0,15.299999999999999,565,648,0,647,0,564
im0096,True,255.0,15.299999999999999,562,648,0,647,0,561
im0097,True,255.0,15.299999999999999,561,647,0,646,0,560
im0098,True,255.0,15.299999999999999,560,648,0,647,0,559
im0111,True,255.0,15.299999999999999,560,648,0,647,0,559
im0113,True,255.0,15.299999999999999,569,649,0,648,0,568
im0114,True,255.0,15.299999999999999,562,648,0,647,0,561
im0115,True,255.0,15.299999999999999,572,648,0,647,0,571
im0117,True,255.0,15.299999999999999,561,648,0,647,0,560
im0120,True,255.0,15.299999999999999,565,647,0,646,0,564
im0121,True,255.0,15.299999999999999,555,648,0,647,0,554
im0123,True,255.0,15.299999999999999,573,647,0,646,0,572
im0124,True,255.0,15.299999999999999,556,647,0,646,0,555
im0125,True,255.0,15.299999999999999,566,649,0,648,0,565
im0126,True,255.0,15.299999999999999,552,647,0,646,0,551
im0133,True,255.0,15.299999999999999,575,648,0,647,0,574
im0134,True,255.0,15.299999999999999,574,649,0,648,0,573
im0135,True,255.0,15.299999999999999,575,647,0,646,0,574
im0136,True,255.0,15.299999999999999,555,648,0,647,0,554
im0137,True,255.0,15.299999999999999,573,647,0,646,0,572
im0139,True,255.0,15.299999999999999,579,646,0,645,0,578
im0140,True,255.0,15.299999999999999,547,647,0,646,0,546
im0141,True,255.0,15.299999999999999,553,647,0,646,0,552
im0156,True,255.0,15.299999999999999,562,647,0,646,0,561
im0157,True,255.0,15.299999999999999,563,648,0,647,0,562
im0162,True,255.0,15.299999999999999,566,647,0,646,0,565
im0163,True,255.0,15.299999999999999,572,649,0,648,0,571
im0170,True,255.0,15.299999999999999,570,647,0,646,0,569
im0175,True,255.0,15.299999999999999,571,649,0,648,0,570
im0179,True,255.0,15.299999999999999,591,683,0,682,0,590
im0186,True,255.0,15.299999999999999,575,649,0,648,0,574
im0188,True,255.0,15.299999999999999,562,649,0,648,0,561
im0190,True,240.0,14.399999999999999,568,643,0,642,0,567
im0191,True,250.0,15.0,568,635,0,634,0,567
im0192,True,255.0,15.299999999999999,560,648,0,647,0,559
im0193,True,255.0,15.299999999999999,559,649,0,648,0,558
im0194,True,255.0,15.299999999999999,564,648,0,647,0,563
im0196,True,255.0,15.299999999999999,565,647,0,646,0,564
im0197,True,255.0,15.299999999999999,569,649,0,648,0,568
im0198,True,255.0,15.299999999999999,562,646,0,645,0,561
im0199,True,255.0,15.299999999999999,566,638,0,637,0,565
im0203,True,255.0,15.299999999999999,552,639,0,638,0,551
im0204,True,255.0,15.299999999999999,548,646,0,645,0,547
im0205,True,255.0,15.299999999999999,561,647,0,646,0,560
im0213,True,255.0,15.299999999999999,569,648,0,647,0,568
im0216,True,255.0,15.299999999999999,561,647,0,646,0,560
im0219,True,253.0,15.18,566,646,0,645,0,565
im0222,True,255.0,15.299999999999999,569,650,0,649,0,568
im0223,True,255.0,15.299999999999999,565,647,0,646,0,564
im0224,True,255.0,15.299999999999999,557,647,0,646,0,556
im0225,True,255.0,15.299999999999999,553,647,0,646,0,552
im0228,True,255.0,15.299999999999999,544,646,0,645,0,543
im0229,True,255.0,15.299999999999999,562,648,0,647,0,561
im0231,True,255.0,15.299999999999999,553,647,0,646,0,552
im0233,True,255.0,15.299999999999999,571,649,0,648,0,570
im0234,True,255.0,15.299999999999999,571,662,0,661,0,570
im0235,True,255.0,15.299999999999999,559,647,0,646,0,558
im0236,True,255.0,15.299999999999999,557,648,0,647,0,556
im0237,True,255.0,15.299999999999999,569,649,0,648,0,568
im0238,True,255.0,15.299999999999999,567,648,0,647,0,566
im0239,True,255.0,15.299999999999999,573,649,0,648,0,572
im0240,True,207.0,12.42,566,655,0,654,0,565
im0241,True,255.0,15.299999999999999,567,669,0,668,0,566
im0242,True,255.0,15.299999999999999,560,646,0,645,0,559
im0243,True,255.0,15.299999999999999,566,647,0,646,0,565
im0245,True,255.0,15.299999999999999,565,699,0,698,0,564
im0247,True,255.0,15.299999999999999,566,557,0,556,0,565
im0251,True,255.0,15.299999999999999,552,646,0,645,0,551
im0252,True,225.0,13.5,571,612,0,611,0,570
im0253,True,255.0,15.299999999999999,554,648,0,647,0,553
im0254,True,179.0,10.74,575,677,0,676,0,574
im0255,True,255.0,15.299999999999999,569,648,0,647,0,568
im0262,True,255.0,15.299999999999999,571,649,0,648,0,570
im0263,True,255.0,15.299999999999999,562,645,0,644,0,561
im0264,True,255.0,15.299999999999999,572,661,0,660,0,571
im0265,True,255.0,15.299999999999999,571,650,0,649,0,570
im0266,True,255.0,15.299999999999999,574,656,0,655,0,573
im0277,True,255.0,15.299999999999999,576,649,0,648,0,575
im0304,True,255.0,15.299999999999999,572,656,0,655,0,571
im0307,True,255.0,15.299999999999999,572,664,0,663,0,571
im0340,True,255.0,15.299999999999999,576,649,0,648,0,575
im0341,True,255.0,15.299999999999999,565,647,0,646,0,564
im0343,True,255.0,15.299999999999999,555,647,0,646,0,554
im0345,True,255.0,15.299999999999999,570,663,0,662,0,569
im0347,True,255.0,15.299999999999999,560,648,0,647,0,559
im0348,True,255.0,15.299999999999999,542,647,0,646,0,541
im0349,True,255.0,15.299999999999999,550,571,0,570,0,549
im0350,True,255.0,15.299999999999999,545,648,0,647,0,544
im0351,True,255.0,15.299999999999999,572,648,0,647,0,571
im0352,True,254.0,15.24,548,648,0,647,0,547
im0354,True,255.0,15.299999999999999,549,647,0,646,0,548
im0356,True,250.0,15.0,575,668,0,667,0,574
im0381,True,255.0,15.299999999999999,572,649,0,648,0,571
im0382,True,255.0,15.299999999999999,571,662,0,661,0,570
im0401,True,255.0,15.299999999999999,571,648,0,647,0,570
aria_c_28_19,True,255.0,15.299999999999999,575,659,0,657,0,574
aria_c_36_4,True,255.0,15.299999999999999,574,666,0,665,0,573
aria_c_40_b_14,True,255.0,15.299999999999999,575,767,0,766,0,574
aria_c_23_23,True,255.0,15.299999999999999,575,740,0,739,0,574
aria_c_43_1,True,254.0,15.24,575,767,0,766,0,574
aria_c_41_3,True,255.0,15.299999999999999,575,767,0,766,0,574
aria_c_47_15,True,255.0,15.299999999999999,575,767,0,766,0,574
aria_c_25_10,True,255.0,15.299999999999999,575,741,1,740,0,574
aria_d_9_3,True,255.0,15.299999999999999,575,741,0,740,0,574
aria_d_25_33,True,255.0,15.299999999999999,575,745,1,744,0,574
(0004)aria_d_28,True,255.0,15.299999999999999,575,744,0,743,0,574
aria_d_23_1,True,217.0,13.02,575,730,0,729,0,574
aria_d_6_3,True,255.0,15.299999999999999,575,739,0,738,0,574
2,True,255.0,15.299999999999999,1391,1390,0,1389,6,1390
5,True,255.0,15.299999999999999,1391,1390,1,1389,6,1390
10,True,255.0,15.299999999999999,1391,1389,0,1388,7,1390
12,True,255.0,15.299999999999999,1391,1389,0,1388,6,1390
18,True,255.0,15.299999999999999,1391,1390,0,1389,6,1390
38,True,255.0,15.299999999999999,1391,1390,0,1389,6,1390
42,True,255.0,15.299999999999999,1391,1389,0,1388,6,1390
54,True,255.0,15.299999999999999,1391,1389,0,1388,7,1390
61,True,255.0,15.299999999999999,1392,1390,0,1389,7,1391
62,True,255.0,15.299999999999999,1391,1389,0,1388,6,1390
64,True,255.0,15.299999999999999,1391,1390,0,1389,6,1390
65,True,255.0,15.299999999999999,1391,1388,0,1387,6,1390
66,True,255.0,15.299999999999999,1391,1388,0,1387,7,1390
68,True,255.0,15.299999999999999,1390,1389,0,1388,6,1389
80,True,255.0,15.299999999999999,1391,1391,0,1390,7,1390
105,True,255.0,15.299999999999999,1393,1390,0,1389,7,1392
116,True,255.0,15.299999999999999,1391,1388,0,1387,7,1390
126,True,255.0,15.299999999999999,1392,1391,0,1390,7,1391
148,True,255.0,15.299999999999999,1391,1389,0,1388,7,1390
151,True,255.0,15.299999999999999,1391,1392,0,1391,7,1390
171,True,255.0,15.299999999999999,1390,1388,0,1387,5,1389
177,True,255.0,15.299999999999999,1391,1390,0,1389,6,1390
190,True,255.0,15.299999999999999,1391,1389,0,1388,6,1390
202,True,255.0,15.299999999999999,1392,1392,0,1391,6,1391
209,True,255.0,15.299999999999999,1390,1388,0,1387,6,1389
218,True,255.0,15.299999999999999,1391,1390,0,1389,7,1390
235,True,206.0,12.36,1391,1404,5,1403,6,1390
237,True,255.0,15.299999999999999,1391,1401,11,1400,6,1390
239,True,255.0,15.299999999999999,1390,1387,0,1386,6,1389
246,True,255.0,15.299999999999999,1391,1389,0,1388,7,1390
256,True,255.0,15.299999999999999,1391,1389,0,1388,6,1390
258,True,255.0,15.299999999999999,1391,1389,0,1388,7,1390
260,True,255.0,15.299999999999999,1392,1390,0,1389,5,1391
266,True,255.0,15.299999999999999,1393,1396,0,1393,7,1392
268,True,252.0,15.12,1391,1405,2,1404,6,1390
269,True,255.0,15.299999999999999,1391,1389,1,1388,6,1390
274,True,250.0,15.0,1393,1390,0,1389,5,1392
277,True,255.0,15.299999999999999,1392,1388,0,1387,6,1391
285,True,255.0,15.299999999999999,1391,1389,0,1388,6,1390
303,True,255.0,15.299999999999999,1393,1405,2,1404,7,1392
306,True,255.0,15.299999999999999,1392,1388,0,1387,8,1391
319,True,255.0,15.299999999999999,1391,1390,0,1389,6,1390
321,True,255.0,15.299999999999999,1392,1389,0,1388,7,1391
339,True,255.0,15.299999999999999,1392,1390,0,1389,6,1391
347,True,255.0,15.299999999999999,1393,1391,0,1390,7,1392
351,True,255.0,15.299999999999999,1393,1390,0,1389,7,1392
361,True,255.0,15.299999999999999,1393,1393,0,1392,7,1392
362,True,255.0,15.299999999999999,1393,1401,0,1400,7,1392
367,True,255.0,15.299999999999999,1393,1390,0,1389,7,1392
390,True,255.0,15.299999999999999,1391,1390,0,1389,6,1390
433,True,239.0,14.34,1391,1389,0,1388,6,1390
440,True,255.0,15.299999999999999,1391,1390,0,1389,6,1390
466,True,255.0,15.299999999999999,1391,1390,0,1389,6,1390
467,True,255.0,15.299999999999999,1393,1390,0,1389,7,1392
468,True,255.0,15.299999999999999,1392,1392,0,1391,7,1391
470,True,255.0,15.299999999999999,1391,1390,0,1389,6,1390
477,True,255.0,15.299999999999999,1391,1389,0,1388,6,1390
493,True,255.0,15.299999999999999,1392,1390,0,1389,7,1391
499,True,205.0,12.299999999999999,1391,1388,0,1387,6,1390
515,True,255.0,15.299999999999999,1392,1390,0,1389,7,1391
524,True,255.0,15.299999999999999,1392,1390,0,1389,7,1391
527,True,255.0,15.299999999999999,1391,1390,0,1389,6,1390
532,True,255.0,15.299999999999999,1392,1391,0,1390,7,1391
538,True,255.0,15.299999999999999,1391,1389,0,1388,6,1390
541,True,255.0,15.299999999999999,1392,1390,0,1389,7,1391
548,True,255.0,15.299999999999999,1391,1390,0,1389,6,1390
553,True,255.0,15.299999999999999,1391,1389,0,1388,6,1390
554,True,255.0,15.299999999999999,1391,1388,0,1387,6,1390
555,True,255.0,15.299999999999999,1391,1388,0,1387,6,1390
557,True,255.0,15.299999999999999,1392,1392,0,1391,7,1391
568,True,255.0,15.299999999999999,1392,1389,0,1388,7,1391
574,True,255.0,15.299999999999999,1393,1390,0,1389,7,1392
586,True,255.0,15.299999999999999,1392,1391,0,1390,6,1391
590,True,255.0,15.299999999999999,1391,1389,0,1388,6,1390
601,True,255.0,15.299999999999999,1393,1391,0,1390,7,1392
624,True,255.0,15.299999999999999,1391,1390,0,1389,6,1390
628,True,255.0,15.299999999999999,1393,1398,0,1397,8,1392
642,True,255.0,15.299999999999999,1393,1390,0,1389,7,1392
647,True,255.0,15.299999999999999,1391,1398,0,1397,6,1390
649,True,255.0,15.299999999999999,1392,1418,0,1416,7,1391
652,True,255.0,15.299999999999999,1392,1389,0,1388,7,1391
669,True,225.0,13.5,1390,1388,0,1387,6,1389
679,True,255.0,15.299999999999999,1393,1393,0,1392,6,1392
684,True,255.0,15.299999999999999,1392,1390,0,1389,6,1391
685,True,255.0,15.299999999999999,1391,1389,0,1388,7,1390
686,True,255.0,15.299999999999999,1393,1393,0,1392,6,1392
693,True,255.0,15.299999999999999,1392,1390,0,1389,6,1391
700,True,255.0,15.299999999999999,1392,1390,0,1389,7,1391
703,True,255.0,15.299999999999999,1391,1393,0,1391,6,1390
711,True,255.0,15.299999999999999,1393,1391,0,1390,7,1392
723,True,255.0,15.299999999999999,1393,1391,0,1390,7,1392
725,True,255.0,15.299999999999999,1392,1390,0,1389,7,1391
729,True,233.0,13.979999999999999,1391,1390,0,1389,7,1390
735,True,255.0,15.299999999999999,1392,1390,0,1389,7,1391
739,True,255.0,15.299999999999999,1390,1394,0,1390,7,1389
740,True,255.0,15.299999999999999,1392,1390,0,1389,6,1391
765,True,255.0,15.299999999999999,1391,1388,0,1387,6,1390
769,True,255.0,15.299999999999999,1391,1388,0,1387,7,1390
776,True,255.0,15.299999999999999,1391,1389,0,1388,6,1390
781,True,255.0,15.299999999999999,1392,1390,0,1389,6,1391
785,True,255.0,15.299999999999999,1391,1393,0,1390,6,1390
794,True,255.0,15.299999999999999,1390,1389,0,1388,5,1389
797,True,255.0,15.299999999999999,1391,1392,0,1391,7,1390
805,True,255.0,15.299999999999999,1391,1388,0,1387,6,1390
813,True,255.0,15.299999999999999,1393,1427,0,1426,1,1392
815,True,255.0,15.299999999999999,1390,1387,0,1386,6,1389
818,True,255.0,15.299999999999999,1390,1388,0,1387,6,1389
822,True,255.0,15.299999999999999,1393,1397,0,1395,5,1392
823,True,255.0,15.299999999999999,1391,1389,0,1388,6,1390
839,True,255.0,15.299999999999999,1390,1389,0,1388,6,1389
861,True,238.0,14.28,1390,1387,1,1386,8,1389
888,True,255.0,15.299999999999999,1393,1390,1,1389,4,1392
894,True,255.0,15.299999999999999,1392,1390,0,1389,7,1391
896,True,255.0,15.299999999999999,1391,1389,0,1388,7,1390
901,True,255.0,15.299999999999999,1391,1387,0,1386,7,1390
904,True,255.0,15.299999999999999,1393,1390,0,1389,6,1392
908,True,255.0,15.299999999999999,1392,1391,0,1390,7,1391
910,True,255.0,15.299999999999999,1391,1389,0,1388,6,1390
928,True,252.0,15.12,1391,1389,0,1388,6,1390
931,True,255.0,15.299999999999999,1391,1389,0,1388,6,1390
938,True,240.0,14.399999999999999,1391,1388,0,1387,7,1390
967,True,255.0,15.299999999999999,1391,1389,0,1388,7,1390
973,True,255.0,15.299999999999999,1391,1389,0,1388,6,1390
976,True,255.0,15.299999999999999,1393,1391,0,1390,5,1392
999,True,255.0,15.299999999999999,1391,1389,0,1388,6,1390
1008,True,255.0,15.299999999999999,1391,1389,0,1388,6,1390
1014,True,255.0,15.299999999999999,1392,1388,0,1387,6,1391
1018,True,255.0,15.299999999999999,1391,1389,0,1388,6,1390
1023,True,255.0,15.299999999999999,1391,1389,0,1388,6,1390
1034,True,243.0,14.58,1391,1389,0,1388,6,1390
1039,True,255.0,15.299999999999999,1391,1389,0,1388,6,1390
1048,True,255.0,15.299999999999999,1392,1391,0,1390,6,1391
1054,True,255.0,15.299999999999999,1391,1389,0,1388,7,1390
1055,True,246.0,14.76,1391,1391,0,1390,6,1390
1060,True,239.0,14.34,1390,1388,1,1387,6,1389
1064,True,255.0,15.299999999999999,1390,1387,0,1386,6,1389
1067,True,255.0,15.299999999999999,1409,1430,0,1429,0,1395
1069,True,255.0,15.299999999999999,1390,1388,0,1387,6,1389
1072,True,255.0,15.299999999999999,1390,1387,0,1386,5,1389
1074,True,255.0,15.299999999999999,1390,1388,0,1387,5,1389
1091,True,255.0,15.299999999999999,1391,1389,0,1388,7,1390
1092,True,255.0,15.299999999999999,1391,1390,0,1389,6,1390
1097,True,255.0,15.299999999999999,1392,1389,0,1388,6,1391
1098,True,255.0,15.299999999999999,1392,1389,0,1388,7,1391
1111,True,218.0,13.08,1390,1387,0,1386,6,1389
1128,True,255.0,15.299999999999999,1391,1389,0,1388,6,1390
1130,True,255.0,15.299999999999999,1391,1389,0,1388,7,1390
1153,True,230.0,13.799999999999999,1391,1389,0,1388,6,1390
1157,True,255.0,15.299999999999999,1392,1392,0,1391,5,1391
1162,True,255.0,15.299999999999999,1392,1388,0,1387,6,1391
1164,True,255.0,15.299999999999999,1391,1390,1,1389,6,1390
1165,True,255.0,15.299999999999999,1391,1390,1,1389,6,1390
1169,True,255.0,15.299999999999999,1390,1388,0,1387,7,1389
1222,True,250.0,15.0,1393,1391,1,1390,7,1392
1223,True,228.0,13.68,1391,1390,0,1389,7,1390
1224,True,255.0,15.299999999999999,1391,1389,0,1388,6,1390
1231,True,255.0,15.299999999999999,1391,1388,0,1387,7,1390
1232,True,255.0,15.299999999999999,1391,1389,0,1388,7,1390
1242,True,247.0,14.82,1391,1389,0,1388,6,1390
1252,True,255.0,15.299999999999999,1391,1390,1,1389,7,1390
1263,True,255.0,15.299999999999999,1391,1388,0,1387,7,1390
1274,True,243.0,14.58,1389,1055,0,1054,26,1375
1286,True,255.0,15.299999999999999,1392,1407,0,1406,8,1391
1301,True,255.0,15.299999999999999,1390,1388,0,1387,6,1389
1302,True,255.0,15.299999999999999,1390,1388,0,1387,6,1389
1306,True,255.0,15.299999999999999,1391,1388,0,1387,6,1390
1308,True,255.0,15.299999999999999,1393,1390,0,1389,7,1392
1313,True,243.0,14.58,1391,1389,0,1388,7,1390
1316,True,255.0,15.299999999999999,1391,1390,0,1389,6,1390
1319,True,255.0,15.299999999999999,1390,1388,0,1387,5,1389
1324,True,255.0,15.299999999999999,1391,1390,0,1389,6,1390
1326,True,255.0,15.299999999999999,1389,1388,0,1387,6,1388
1327,True,255.0,15.299999999999999,1392,1389,0,1388,6,1391
1340,True,255.0,15.299999999999999,1390,1388,0,1387,5,1389
1347,True,255.0,15.299999999999999,1391,1389,0,1388,6,1390
1357,True,255.0,15.299999999999999,1392,1389,0,1388,6,1391
1359,True,253.0,15.18,1391,1389,0,1388,6,1390
1363,True,255.0,15.299999999999999,1391,1389,0,1388,7,1390
1368,True,255.0,15.299999999999999,1391,1389,0,1388,7,1390
1370,True,255.0,15.299999999999999,1391,1389,0,1388,6,1390
1374,True,255.0,15.299999999999999,1392,1390,0,1389,5,1391
1383,True,255.0,15.299999999999999,1392,1390,0,1389,6,1391
1393,True,255.0,15.299999999999999,1393,1390,0,1389,7,1392
1394,True,255.0,15.299999999999999,1391,1389,0,1388,6,1390
1406,True,240.0,14.399999999999999,1392,1391,0,1390,6,1391
1414,True,255.0,15.299999999999999,1392,1390,1,1389,7,1391
1417,True,255.0,15.299999999999999,1392,1390,0,1389,7,1391
1437,True,255.0,15.299999999999999,1391,1388,0,1387,7,1390
1444,True,255.0,15.299999999999999,1392,1390,0,1389,6,1391
1450,True,255.0,15.299999999999999,1391,1388,0,1387,6,1390
1467,True,255.0,15.299999999999999,1390,1388,0,1387,6,1389
1478,True,255.0,15.299999999999999,1391,1387,0,1386,0,1388
1486,True,255.0,15.299999999999999,1393,1390,0,1389,0,1390
1507,True,165.0,9.9,2847,3359,1,3358,0,2846
1523,True,255.0,15.299999999999999,2847,3412,1,3411,0,2846
1529,True,255.0,15.299999999999999,2847,3412,0,3411,0,2846
1535,True,255.0,15.299999999999999,2847,3420,0,3419,0,2846
1537,True,255.0,15.299999999999999,2847,3429,0,3428,0,2846
1545,True,255.0,15.299999999999999,2847,3470,41,3469,0,2846
1550,True,200.0,12.0,2847,3410,0,3409,0,2846
1554,True,255.0,15.299999999999999,2847,3413,0,3412,0,2846
1563,True,255.0,15.299999999999999,2847,3409,0,3408,0,2846
1569,True,255.0,15.299999999999999,2847,3451,20,3447,0,2846
1594,True,255.0,15.299999999999999,2847,3429,0,3424,0,2846
1603,True,255.0,15.299999999999999,2847,3421,0,3412,0,2846
1604,True,255.0,15.299999999999999,2847,3420,2,3414,0,2846
1608,True,255.0,15.299999999999999,2847,3465,1,3464,0,2846
1637,True,255.0,15.299999999999999,2847,3413,0,3412,0,2846
1642,True,255.0,15.299999999999999,2847,3412,0,3411,0,2846
1647,True,255.0,15.299999999999999,2847,3418,0,3414,0,2846
1650,True,253.0,15.18,2847,3412,0,3411,0,2846
1670,True,251.0,15.059999999999999,2847,3415,0,3414,0,2846
1701,True,255.0,15.299999999999999,2847,3415,0,3414,0,2846
1707,True,255.0,15.299999999999999,2847,3409,0,3408,0,2846
1709,True,251.0,15.059999999999999,2847,3410,0,3409,0,2846
1715,True,255.0,15.299999999999999,2847,3429,6,3427,0,2846
1716,True,255.0,15.299999999999999,2847,3422,0,3420,0,2846
1735,True,236.0,14.16,2847,3453,4,3426,0,2846
1737,True,250.0,15.0,2847,3432,11,3431,0,2846
1738,True,253.0,15.18,2847,3412,0,3411,0,2846
1740,True,255.0,15.299999999999999,2847,3413,0,3412,0,2846
1756,True,255.0,15.299999999999999,1474,1470,0,1469,0,1471
1757,True,240.0,14.399999999999999,1474,1472,1,1471,0,1471
1760,True,255.0,15.299999999999999,1474,1470,0,1469,0,1471
1765,True,255.0,15.299999999999999,1474,1470,0,1469,0,1469
1772,True,255.0,15.299999999999999,1475,1471,0,1470,0,1471
1773,True,255.0,15.299999999999999,1475,1473,0,1472,0,1471
1777,True,255.0,15.299999999999999,1475,1472,1,1471,0,1471
1778,True,239.0,14.34,1475,1469,0,1468,0,1471
1787,True,255.0,15.299999999999999,1474,1469,0,1468,0,1468
1788,True,255.0,15.299999999999999,1475,1472,0,1471,0,1471
1789,True,193.0,11.58,1482,1469,0,1468,0,1468
1794,True,255.0,15.299999999999999,1475,1471,0,1470,0,1471
1798,True,255.0,15.299999999999999,1479,1470,0,1469,0,1471
1801,True,255.0,15.299999999999999,1475,1472,0,1471,0,1471
1803,True,255.0,15.299999999999999,1475,1470,0,1469,0,1471
1804,True,255.0,15.299999999999999,1473,1471,0,1470,0,1469
1808,True,255.0,15.299999999999999,1475,1470,0,1469,0,1470
1810,True,255.0,15.299999999999999,1475,1470,0,1469,0,1470
1813,True,255.0,15.299999999999999,1475,1471,1,1470,0,1470
1820,True,255.0,15.299999999999999,1478,1470,0,1469,0,1469
1824,True,255.0,15.299999999999999,1473,1468,0,1467,0,1469
1828,True,255.0,15.299999999999999,1475,1472,0,1471,0,1471
1833,True,255.0,15.299999999999999,1479,1471,0,1470,0,1471
1834,True,220.0,13.2,1479,1471,0,1470,0,1471
1842,True,255.0,15.299999999999999,1475,1472,0,1471,0,1471
1844,True,255.0,15.299999999999999,1475,1470,0,1469,0,1471
1845,True,255.0,15.299999999999999,1475,1471,0,1470,0,1470
1849,True,255.0,15.299999999999999,1475,1472,1,1471,0,1471
1852,True,255.0,15.299999999999999,1475,1470,1,1469,0,1470
1854,True,255.0,15.299999999999999,1476,1472,0,1471,0,1473
1856,True,255.0,15.299999999999999,1473,1470,0,1469,0,1469
1858,True,255.0,15.299999999999999,1474,1470,0,1469,0,1469
1868,True,255.0,15.299999999999999,1476,1472,0,1471,0,1472
1870,True,255.0,15.299999999999999,1475,1472,0,1471,0,1470
1880,True,255.0,15.299999999999999,1474,1472,0,1471,0,1471
1889,True,255.0,15.299999999999999,1475,1471,0,1470,0,1471
1903,True,250.0,15.0,2847,3887,64,3877,0,2846
1911,True,255.0,15.299999999999999,2847,3445,27,3443,0,2846
im0003,True,255.0,15.299999999999999,567,648,0,647,0,566
im0016,True,255.0,15.299999999999999,566,648,0,647,0,565
im0058,True,255.0,15.299999999999999,551,647,0,646,0,550
im0059,True,255.0,15.299999999999999,567,645,0,644,0,566
im0065,True,255.0,15.299999999999999,573,651,0,650,0,572
im0077,True,255.0,15.299999999999999,565,648,0,647,0,564
im0080,True,255.0,15.299999999999999,567,648,0,647,0,566
im0089,True,255.0,15.299999999999999,549,646,0,645,0,548
im0116,True,255.0,15.299999999999999,544,645,0,644,0,543
im0118,True,255.0,15.299999999999999,549,645,0,644,0,548
im0119,True,255.0,15.299999999999999,562,648,0,647,0,561
im0122,True,255.0,15.299999999999999,556,647,0,646,0,555
im0127,True,255.0,15.299999999999999,566,648,0,647,0,565
im0138,True,255.0,15.299999999999999,578,646,0,645,0,577
im0155,True,255.0,15.299999999999999,562,648,0,647,0,561
im0184,True,255.0,15.299999999999999,552,647,0,646,0,551
im0187,True,255.0,15.299999999999999,558,647,0,646,0,557
im0189,True,255.0,15.299999999999999,564,647,0,646,0,563
im0195,True,254.0,15.24,574,649,0,648,0,573
im0230,True,255.0,15.299999999999999,556,649,0,648,0,555
im0232,True,255.0,15.299999999999999,562,647,0,646,0,561
im0249,True,255.0,15.299999999999999,553,648,0,647,0,552
im0250,True,255.0,15.299999999999999,575,649,0,648,0,574
im0282,True,255.0,15.299999999999999,547,519,0,518,0,546
im0292,True,255.0,15.299999999999999,557,647,0,646,0,556
im0342,True,255.0,15.299999999999999,569,656,0,655,0,568
im0353,True,255.0,15.299999999999999,561,648,0,647,0,560
im0402,True,255.0,15.299999999999999,573,647,0,646,0,572
