fold,split,images,DR,NORMAL,ODC,MH,DN,src_aria,src_rfmid,src_stare
1,test,298,99,95,53,34,32,22,246,30
1,fit,1044,347,354,184,118,114,76,863,105
1,inner_val,147,49,44,26,17,16,11,121,15
2,test,298,99,98,52,34,32,22,246,30
2,fit,1044,347,348,185,118,114,76,863,105
2,inner_val,147,49,47,26,17,16,11,121,15
3,test,298,99,103,53,34,33,22,246,30
3,fit,1044,347,341,184,118,113,76,863,105
3,inner_val,147,49,49,26,17,16,11,121,15
4,test,298,99,98,53,34,33,22,246,30
4,fit,1044,347,350,184,118,113,76,863,105
4,inner_val,147,49,45,26,17,16,11,121,15
5,test,297,99,99,52,33,32,21,246,30
5,fit,1044,347,346,185,119,114,77,862,105
5,inner_val,148,49,48,26,17,16,11,122,15
