fold,seed,n,DR,NORMAL,ODC,MH,DN
1,42,50,17,18,9,6,5
1,42,100,34,36,19,12,11
1,42,251,87,90,44,28,28
1,42,501,168,172,89,57,56
1,42,1044,347,354,184,118,114
1,43,50,17,18,11,6,6
1,43,100,37,37,19,11,11
1,44,50,20,18,9,6,5
2,42,50,18,17,11,6,5
2,42,100,35,33,18,12,11
2,42,251,86,85,45,29,28
2,42,501,174,167,90,58,59
2,42,1044,347,348,185,118,114
2,43,50,17,18,9,6,5
2,43,100,34,33,18,13,11
2,44,50,17,16,9,6,5
3,42,50,19,16,9,6,5
3,42,100,35,34,20,11,11
3,42,251,84,83,48,31,29
3,42,501,175,167,89,57,55
3,42,1044,347,341,184,118,113
3,43,50,17,16,9,7,5
3,43,100,33,34,19,12,12
3,44,50,18,16,10,6,5
4,42,50,17,17,10,6,5
4,42,100,34,37,18,11,11
4,42,251,86,88,46,30,27
4,42,501,171,173,91,57,56
4,42,1044,347,350,184,118,113
4,43,50,17,18,9,6,6
4,43,100,33,36,20,12,12
4,44,50,19,17,10,7,5
5,42,50,17,17,10,6,5
5,42,100,33,34,20,12,13
5,42,251,85,89,46,33,29
5,42,501,170,173,90,61,57
5,42,1044,347,346,185,119,114
5,43,50,19,18,10,6,5
5,43,100,35,35,19,13,12
5,44,50,17,20,12,6,5
