filename,zip_member,bytes,sha256,crc_matches_zip,restored_utc,source
1494.png,images/1494.png,8545116,51ff1d13f972a9cc23a50fbd7fb48b358490eb0b31b820b43ed88be1f357a7da,True,2026-08-23T06:07:21Z,doi:10.17632/pc4mb3h8hz.1 images.zip
1495.png,images/1495.png,9934264,3118fddafe35dcef7bc75a5bb7d24a769a9cb2b5782051fb16da8bdb833b5604,True,2026-08-23T06:07:21Z,doi:10.17632/pc4mb3h8hz.1 images.zip
1496.png,images/1496.png,8266885,71f95abb35dad3e0767a68f4bb23ff684dff093b4bcb08c3b1e6eaa1b1752aaf,True,2026-08-23T06:07:21Z,doi:10.17632/pc4mb3h8hz.1 images.zip
1498.png,images/1498.png,8518918,e5602f7724456c6ff1f6db83f2486a735375e20015f383e3b561312e0aa1dd13,True,2026-08-23T06:07:21Z,doi:10.17632/pc4mb3h8hz.1 images.zip
1499.png,images/1499.png,8628935,1352a7a40ff86b30ef07dce5b2700d553c8acf46c0adef513491311b6b3863fb,True,2026-08-23T06:07:21Z,doi:10.17632/pc4mb3h8hz.1 images.zip
1500.png,images/1500.png,8718882,d54bbb9e72fdf0f30bd13d16851a7a7da4bcc72f05de278913329c437cc3ca18,True,2026-08-23T06:07:21Z,doi:10.17632/pc4mb3h8hz.1 images.zip
1511.png,images/1511.png,8143217,7bb8c154dddb49703d92fcbab009f54755081eae11146e3c57c2dd44d5d75253,True,2026-08-23T06:07:21Z,doi:10.17632/pc4mb3h8hz.1 images.zip
1513.png,images/1513.png,8678775,2d5475b53904a001ea4bc1b8511ac9e706f9db9ec321b7cb1d4683d1aedca3ae,True,2026-08-23T06:07:21Z,doi:10.17632/pc4mb3h8hz.1 images.zip
1520.png,images/1520.png,8570890,ee2774f5fd4d098b3788ff934db3068a0984a7706555c0863f6998ce43733d86,True,2026-08-23T06:07:21Z,doi:10.17632/pc4mb3h8hz.1 images.zip
1522.png,images/1522.png,8638545,70809240ee9c69215237a4d5ae95596e9e7d5faf476227747e1738f512fb57f8,True,2026-08-23T06:07:21Z,doi:10.17632/pc4mb3h8hz.1 images.zip
1526.png,images/1526.png,8491386,b43f11dfcd9f79cedee78a1113267fd44cd66c2f0ccf68eecadca54ba5a04c28,True,2026-08-23T06:07:21Z,doi:10.17632/pc4mb3h8hz.1 images.zip
1539.png,images/1539.png,8444821,8f435fb88946fd2878aa49562f65b7c4663b934de2ae44c0f59a59b7f37d82ee,True,2026-08-23T06:07:21Z,doi:10.17632/pc4mb3h8hz.1 images.zip
1540.png,images/1540.png,8899907,2f5b8a128fe732ab41520c2cda5e459337d0195a85056ed5008f3950e3cf13bc,True,2026-08-23T06:07:21Z,doi:10.17632/pc4mb3h8hz.1 images.zip
1545.png,images/1545.png,8743663,8ed9764f45d61c29961904cabb07f465aef65b8b76428966edc57407f7a369dd,True,2026-08-23T06:07:21Z,doi:10.17632/pc4mb3h8hz.1 images.zip
1546.png,images/1546.png,8701982,587d90e57bf3730718058f4865f1a70b90771ccef0dd2fd5c3534097a9b3b05e,True,2026-08-23T06:07:21Z,doi:10.17632/pc4mb3h8hz.1 images.zip
1551.png,images/1551.png,7773802,dea787ac1e6a58f2180836bee75efc979a1cd1400ae1538efd9e803ff497910c,True,2026-08-23T06:07:21Z,doi:10.17632/pc4mb3h8hz.1 images.zip
1558.png,images/1558.png,9201626,a092afd59ebc90d5669a351948b635e95324802bc866d237811f01b97c55dff3,True,2026-08-23T06:07:21Z,doi:10.17632/pc4mb3h8hz.1 images.zip
1559.png,images/1559.png,9014084,b50fbce1ba80546313267afc7c4d917d413da754279fb827d54519ead8b4d360,True,2026-08-23T06:07:21Z,doi:10.17632/pc4mb3h8hz.1 images.zip
1562.png,images/1562.png,8794793,4b7e1921c71d5a42e6a5855621692e2314a6e976673c3c248a7a0afcd3e9812c,True,2026-08-23T06:07:21Z,doi:10.17632/pc4mb3h8hz.1 images.zip
1564.png,images/1564.png,8351936,500e17abf218a19d1f85a5aa2e19736e46909b126d4b07e423b5a8fd9d82d4fc,True,2026-08-23T06:07:21Z,doi:10.17632/pc4mb3h8hz.1 images.zip
1565.png,images/1565.png,8562170,2da0d1382fccb228fe56eea9db44730454fe6e5d2adf7c500308bd26971e62f5,True,2026-08-23T06:07:21Z,doi:10.17632/pc4mb3h8hz.1 images.zip
1567.png,images/1567.png,8076282,59ab6d624f7d129fa3902b787c8f15dd1f118ce6a0c4cf6438ac3c767fa18c64,True,2026-08-23T06:07:21Z,doi:10.17632/pc4mb3h8hz.1 images.zip
1569.png,images/1569.png,8624591,e3b60f72967812d58beafebbf9787f9cbbaa06984f5429a3fba33d7a07d58f6b,True,2026-08-23T06:07:21Z,doi:10.17632/pc4mb3h8hz.1 images.zip
1570.png,images/1570.png,8856853,fc25ac4d53a7b69f92d2b5edc579b3c28319651fe63f7eb69786e1717d16e4f5,True,2026-08-23T06:07:21Z,doi:10.17632/pc4mb3h8hz.1 images.zip
1577.png,images/1577.png,8176236,821fdd35de96ce327627128cdd915422fca0e358605b49a18b40e74e1505734a,True,2026-08-23T06:07:21Z,doi:10.17632/pc4mb3h8hz.1 images.zip
1578.png,images/1578.png,8619593,d4739f8d766c0f7015b38146eda3e1e77a4310fa25d72a3bed9ce00fa62ad6c5,True,2026-08-23T06:07:21Z,doi:10.17632/pc4mb3h8hz.1 images.zip
1583.png,images/1583.png,8689574,a39e2f9601382ccb682a5f20111f4e5847b58d4658908f9a16f58a459d08aa0d,True,2026-08-23T06:07:21Z,doi:10.17632/pc4mb3h8hz.1 images.zip
1584.png,images/1584.png,8658328,5131e8612d6454885bc769f889c9d3a338806f559f464560b19d82f34e25bd18,True,2026-08-23T06:07:21Z,doi:10.17632/pc4mb3h8hz.1 images.zip
1587.png,images/1587.png,8462868,f3fc6dc3f9ef677c2bd06dde65d823a34e947996bb37ee9af2e1d67e7b5d90b0,True,2026-08-23T06:07:21Z,doi:10.17632/pc4mb3h8hz.1 images.zip
1593.png,images/1593.png,8356355,37ce4b9944d259b450f856a813eabe56eeb6c0ca206f8c09d707c1cee1383988,True,2026-08-23T06:07:21Z,doi:10.17632/pc4mb3h8hz.1 images.zip
1594.png,images/1594.png,8328233,6a1172186092df3314b5a7b2d8d9f2e6006d63a7cb361d14ea23ee3bfc20c9a9,True,2026-08-23T06:07:21Z,doi:10.17632/pc4mb3h8hz.1 images.zip
1596.png,images/1596.png,8748721,5b8c6c84829d91163e4d10d45ace4593237f6668e75aa5c314db87006cb0565f,True,2026-08-23T06:07:21Z,doi:10.17632/pc4mb3h8hz.1 images.zip
1602.png,images/1602.png,8533566,7ad06719aaecf286c44b2e1565358313da219272fe771e5a0353dba85552c6d9,True,2026-08-23T06:07:21Z,doi:10.17632/pc4mb3h8hz.1 images.zip
1603.png,images/1603.png,8234096,bc8e43df61697ba261307587ababcce9b2eae02804ba7987141d7cc0b0c4eb9a,True,2026-08-23T06:07:21Z,doi:10.17632/pc4mb3h8hz.1 images.zip
1604.png,images/1604.png,9112082,fd827f280d11a3e4c6560f5856715a5a713e1e1d73d152019c52360a0deda1d8,True,2026-08-23T06:07:21Z,doi:10.17632/pc4mb3h8hz.1 images.zip
1606.png,images/1606.png,8155601,1ab4d394aeb376fc27a0d726b5f8cb92910a70a252d5c7fc7f84460edf20c2da,True,2026-08-23T06:07:21Z,doi:10.17632/pc4mb3h8hz.1 images.zip
1610.png,images/1610.png,8922082,671d346c28fe5138fb2fa50404bac748de95b48f8ef811dcfd26ee839024837e,True,2026-08-23T06:07:21Z,doi:10.17632/pc4mb3h8hz.1 images.zip
1612.png,images/1612.png,9007006,be462ce8c8e5e82348c12cdc59342b160bfca2f3a1760307af6c34c900bd3418,True,2026-08-23T06:07:21Z,doi:10.17632/pc4mb3h8hz.1 images.zip
1620.png,images/1620.png,8709149,7000f549e581f28e0ab83825fabce3dfc48f5428a1ecf9885b0a110f97594d1c,True,2026-08-23T06:07:21Z,doi:10.17632/pc4mb3h8hz.1 images.zip
1623.png,images/1623.png,8698369,7f4c0e4682b290f6341aed427a93064bc7629b83903af6bda525ab37ca81389a,True,2026-08-23T06:07:21Z,doi:10.17632/pc4mb3h8hz.1 images.zip
1624.png,images/1624.png,8680776,273bf934eb1b280d3b1f532b3e81d4d2b20800c3ea68fb05375d996877b014d6,True,2026-08-23T06:07:21Z,doi:10.17632/pc4mb3h8hz.1 images.zip
1627.png,images/1627.png,8520371,e66bd2295fe5b91886f28410fa2ff39ce065f5273657170cf4253a749d50f190,True,2026-08-23T06:07:21Z,doi:10.17632/pc4mb3h8hz.1 images.zip
1629.png,images/1629.png,7847237,9d81bb53f8216dfe96d42cd423dc70878c028d0dc77c160d52c5865ec053938e,True,2026-08-23T06:07:21Z,doi:10.17632/pc4mb3h8hz.1 images.zip
1630.png,images/1630.png,8973634,32d399102914157aad66ac288551a9067ef7940ed61e73a907a22ac631979ed7,True,2026-08-23T06:07:21Z,doi:10.17632/pc4mb3h8hz.1 images.zip
1632.png,images/1632.png,8393459,9b0d45a42a687ca184008aca63b0a53a60e410a83a53ab53b469535d53e7be49,True,2026-08-23T06:07:21Z,doi:10.17632/pc4mb3h8hz.1 images.zip
1633.png,images/1633.png,8342849,c808afb0bd9d7996974c0a724ac7dc2bfd48316d1452f6fc9843b0156c0ccde9,True,2026-08-23T06:07:21Z,doi:10.17632/pc4mb3h8hz.1 images.zip
1638.png,images/1638.png,8798075,c70ed7ae741ccb8e2a71f40b569586f604f2a4c65546fdb850773431329ba8ad,True,2026-08-23T06:07:21Z,doi:10.17632/pc4mb3h8hz.1 images.zip
1644.png,images/1644.png,8512271,ed5f8b7b7b80b7880821c1b64c0befd9d67a3f6d45bd61e20cad2f9fd36c2aa5,True,2026-08-23T06:07:21Z,doi:10.17632/pc4mb3h8hz.1 images.zip
1648.png,images/1648.png,9132050,586cf7bf93337e9934ed540a415c61207f07cf20a26e85a0e645a6a421b21a68,True,2026-08-23T06:07:21Z,doi:10.17632/pc4mb3h8hz.1 images.zip
1650.png,images/1650.png,8649647,f9eb20fddbbf8a0b3ca34eb2805b29b04ffcd839528e72836b9761148fedca15,True,2026-08-23T06:07:21Z,doi:10.17632/pc4mb3h8hz.1 images.zip
1657.png,images/1657.png,8482006,db66f99c0e5fa876547950a1eb729a08e0a6c916a1e0870f3fdeec91a380e089,True,2026-08-23T06:07:21Z,doi:10.17632/pc4mb3h8hz.1 images.zip
1659.png,images/1659.png,9136194,d683a68ca3be8ecb29521b837c4b471fa187ad5604b4954a899f2069e9b98b6f,True,2026-08-23T06:07:21Z,doi:10.17632/pc4mb3h8hz.1 images.zip
1661.png,images/1661.png,8441118,fd4fc16e804bcc728b05ede9dcbb5d6b06613bf8c7b479c4c199b84e64fa7bb2,True,2026-08-23T06:07:21Z,doi:10.17632/pc4mb3h8hz.1 images.zip
1662.png,images/1662.png,8477792,4012d744736f26dd9fa60fb498900f8267da4357395b09386b564092774aad3e,True,2026-08-23T06:07:21Z,doi:10.17632/pc4mb3h8hz.1 images.zip
1663.png,images/1663.png,8938233,d944f0dbbe316f83274dbb87b685791bf6e434e37c51cccdb8ec67e12781d38b,True,2026-08-23T06:07:21Z,doi:10.17632/pc4mb3h8hz.1 images.zip
1664.png,images/1664.png,8904063,d436c8426140fdafe37287bacba9bfaf3291ea0a63191be836b621d4673af107,True,2026-08-23T06:07:21Z,doi:10.17632/pc4mb3h8hz.1 images.zip
1665.png,images/1665.png,8931505,ca871895e1455fc5e4eb414c0c886f1c05c74bd76a9924349fe0bb0c7a88b4ab,True,2026-08-23T06:07:21Z,doi:10.17632/pc4mb3h8hz.1 images.zip
1666.png,images/1666.png,8433872,928cd65e9c653941e81dc7d2ef91cd3416f66f6ed469b6177a482a2e554d48ee,True,2026-08-23T06:07:21Z,doi:10.17632/pc4mb3h8hz.1 images.zip
1667.png,images/1667.png,8465990,5dd5822b530a42bdd295b746c6023d766844500a927696899d346b94d5163eaa,True,2026-08-23T06:07:21Z,doi:10.17632/pc4mb3h8hz.1 images.zip
1670.png,images/1670.png,8902817,1eefa2fe3bf07665db888ce6e70f6600eea79ca4f9a5c0686858830866b567b6,True,2026-08-23T06:07:21Z,doi:10.17632/pc4mb3h8hz.1 images.zip
1672.png,images/1672.png,8985171,f4319c5e7b14b44117013a9328eab808035eed959cfcd0c0a3435e4372b460ce,True,2026-08-23T06:07:21Z,doi:10.17632/pc4mb3h8hz.1 images.zip
1683.png,images/1683.png,7993558,fee95005d1d40fa0b1389c91fc2ab02e4418980d4ee97c661189f23b3f2ac705,True,2026-08-23T06:07:21Z,doi:10.17632/pc4mb3h8hz.1 images.zip
1689.png,images/1689.png,8916605,22926fe7d603d4057248fe429a6cd096853a6a48c7f456d583d8ae4b84474438,True,2026-08-23T06:07:21Z,doi:10.17632/pc4mb3h8hz.1 images.zip
1690.png,images/1690.png,10128300,233c2c7ec359a67f99a1ac0f6b12b9deb18d83477c51c51380e18691d32f228d,True,2026-08-23T06:07:21Z,doi:10.17632/pc4mb3h8hz.1 images.zip
1696.png,images/1696.png,9420650,0c51b20979ddd8abece8927e9c640b38a37255745afbd289a1a3b2a055a7f5a3,True,2026-08-23T06:07:21Z,doi:10.17632/pc4mb3h8hz.1 images.zip
1697.png,images/1697.png,9049289,fd80da8f7a02ef5b0c7b205e17cb874c950d5f03913687996dd5b8a27b46a79f,True,2026-08-23T06:07:21Z,doi:10.17632/pc4mb3h8hz.1 images.zip
1698.png,images/1698.png,8890798,a6c2169661a277c089932552b2962a818bce59589994f10975361e6b4f5857b1,True,2026-08-23T06:07:21Z,doi:10.17632/pc4mb3h8hz.1 images.zip
1700.png,images/1700.png,8214271,d1d550808b8e9afd13838583e4743e936aa8c4c76711dc59c3fe8ad901e3aa8e,True,2026-08-23T06:07:21Z,doi:10.17632/pc4mb3h8hz.1 images.zip
1701.png,images/1701.png,8849190,b08166f081b9f1fd8366b5a11ecd1db345715f40f85ae2279566b5626cf4c72b,True,2026-08-23T06:07:21Z,doi:10.17632/pc4mb3h8hz.1 images.zip
1703.png,images/1703.png,8381914,fe47d73c569e09603c27185d4ac6a20b93783506ae4926d4b5fcd94114393726,True,2026-08-23T06:07:21Z,doi:10.17632/pc4mb3h8hz.1 images.zip
1705.png,images/1705.png,9033390,a5915ff757ea7e5bc96292c5b1ec50868282d28b598213236e10e7a993ca1fa4,True,2026-08-23T06:07:21Z,doi:10.17632/pc4mb3h8hz.1 images.zip
1706.png,images/1706.png,9172415,397f17116f0e82daa18ad3736ed2725fe9f396af98b4801e4e676ee293f53650,True,2026-08-23T06:07:21Z,doi:10.17632/pc4mb3h8hz.1 images.zip
1709.png,images/1709.png,8486958,82ab54f19a5aedbc09ef26c7ff957413d8db35aabf0b0bd9be9b818bbab1ca55,True,2026-08-23T06:07:21Z,doi:10.17632/pc4mb3h8hz.1 images.zip
1713.png,images/1713.png,8474164,b0c5a407ab914a72564f5e12c269372e6a38756585599fbf2c26b99bad1e5a37,True,2026-08-23T06:07:21Z,doi:10.17632/pc4mb3h8hz.1 images.zip
1715.png,images/1715.png,9441841,8f06ad221d05eb7fc099288f9136dcfa476bc399d42b1f1b1db4c51a2ae5e7ff,True,2026-08-23T06:07:21Z,doi:10.17632/pc4mb3h8hz.1 images.zip
1720.png,images/1720.png,7843723,10fce87914e093ae8c95952fa0c85e272e5aafec699930dcea0bfddce0c16728,True,2026-08-23T06:07:21Z,doi:10.17632/pc4mb3h8hz.1 images.zip
1725.png,images/1725.png,8535958,6411938891445018b654ee135eba2bf455e70cc663517858239f2b0edb9f0613,True,2026-08-23T06:07:21Z,doi:10.17632/pc4mb3h8hz.1 images.zip
1727.png,images/1727.png,8604678,aab6387947c4360fbf759a8f59366f1ed67343fcd4a8de3fdac3018384cfc2a3,True,2026-08-23T06:07:21Z,doi:10.17632/pc4mb3h8hz.1 images.zip
1728.png,images/1728.png,8357252,31e94b6ddf176abdcdd54622f7a5020c3281ea687b2a57c551d280bf5f8c196d,True,2026-08-23T06:07:21Z,doi:10.17632/pc4mb3h8hz.1 images.zip
1729.png,images/1729.png,8725968,4c6b0dc97d036fa56567d2ff5a6f7cee4ec5845c8cc296e6bd5fc6ccfaad75f3,True,2026-08-23T06:07:21Z,doi:10.17632/pc4mb3h8hz.1 images.zip
1730.png,images/1730.png,8686279,0aa97b428207ddc4d6cfde21ffde6b67556d3238cfd0927570654acc52a3ef4e,True,2026-08-23T06:07:21Z,doi:10.17632/pc4mb3h8hz.1 images.zip
1734.png,images/1734.png,8148600,1485aaaf892777ad8f6906f8f629b3850b2ca4d37a4395467130dd9abcc685ac,True,2026-08-23T06:07:21Z,doi:10.17632/pc4mb3h8hz.1 images.zip
1735.png,images/1735.png,8276555,e4193a8b63768558d203ef192e16fa4ab0733f16cb8b45bb3cbfc4ba1717c841,True,2026-08-23T06:07:21Z,doi:10.17632/pc4mb3h8hz.1 images.zip
1738.png,images/1738.png,8738724,7582c94830f31487d12ae93ae090d69d1f1691eeaa807c70d224ca5f13b93164,True,2026-08-23T06:07:21Z,doi:10.17632/pc4mb3h8hz.1 images.zip
1739.png,images/1739.png,8830141,d7be929c1a3d8a0bcc0599c5dcfed9a0d282ae1b0dd1101ab703ac453cdb7615,True,2026-08-23T06:07:21Z,doi:10.17632/pc4mb3h8hz.1 images.zip
1894.png,images/1894.png,8257905,c92c48888b16014e3c9e86e25659960a41ebb8d67a9d0a8f9a7b83785ef2c34b,True,2026-08-23T06:07:21Z,doi:10.17632/pc4mb3h8hz.1 images.zip
1898.png,images/1898.png,8291324,084034ca6a03c8f998ecde954198d8e4e73a474b98ec0b2861d86a052fa04a5b,True,2026-08-23T06:07:21Z,doi:10.17632/pc4mb3h8hz.1 images.zip
1901.png,images/1901.png,8320872,a43059f9d059ba59db5c0eee3258400f5f036ce7438f66f2f03044eb0c832986,True,2026-08-23T06:07:21Z,doi:10.17632/pc4mb3h8hz.1 images.zip
1902.png,images/1902.png,9047942,5d2093e93cd5164d3524d6617147f3296f630619590f13320a93331cf20581b3,True,2026-08-23T06:07:21Z,doi:10.17632/pc4mb3h8hz.1 images.zip
1904.png,images/1904.png,8784400,d1d912b0f542fbf82f2a0108ac3d23ca345d21fc17b2a84086df03dc0f56d1da,True,2026-08-23T06:07:21Z,doi:10.17632/pc4mb3h8hz.1 images.zip
1899.png,images/1899.png,8137601,92f9ed9128f196233f54505b392e55a537d07552f161a7b44d438804d05701fe,True,2026-08-23T06:07:21Z,doi:10.17632/pc4mb3h8hz.1 images.zip
1910.png,images/1910.png,8718982,bec983cf0f8fad6c2c56bf3a236778a0dbed0236715bda02a26d34fe3ddaad37,True,2026-08-23T06:07:21Z,doi:10.17632/pc4mb3h8hz.1 images.zip
1915.png,images/1915.png,8780685,069961d0c8517aade1fc4830d40022e21194aa323c03a82961ebc8e163ec6212,True,2026-08-23T06:07:21Z,doi:10.17632/pc4mb3h8hz.1 images.zip
1920.png,images/1920.png,8107625,46f00b0181f9bc10fee29ef495875b06f856e1104bca31d78ff31e3a4a13b4b9,True,2026-08-23T06:07:21Z,doi:10.17632/pc4mb3h8hz.1 images.zip
1497.png,images/1497.png,8430832,012f5970fe7bdbbd58b0d784d64cf548a05938d8c58145277e96ced2ca2a46d5,True,2026-08-23T06:07:21Z,doi:10.17632/pc4mb3h8hz.1 images.zip
1505.png,images/1505.png,9262720,aaea8819329137f4ee1967f121d3914ecdf5564806b1a345e9ca38ea9702a198,True,2026-08-23T06:07:21Z,doi:10.17632/pc4mb3h8hz.1 images.zip
1508.png,images/1508.png,8397311,f12c79520d0c331fac4b10aa62a9feb273602bb8d2e0c25baf078d3747678608,True,2026-08-23T06:07:21Z,doi:10.17632/pc4mb3h8hz.1 images.zip
1510.png,images/1510.png,8348068,7111406a243ce5dec0f1115edc719a13c767f861c46f63567c7c7776ac2ca704,True,2026-08-23T06:07:21Z,doi:10.17632/pc4mb3h8hz.1 images.zip
1514.png,images/1514.png,8506715,b016cbb5680420fe7d6997eb2eb088568b881499d3fa7a6fa2b63f3ba36a4acc,True,2026-08-23T06:07:21Z,doi:10.17632/pc4mb3h8hz.1 images.zip
1515.png,images/1515.png,8908232,f6c38fd77c4f91f03338762caafa857375495f2bb0e39bdd850cf4590c51c0ef,True,2026-08-23T06:07:21Z,doi:10.17632/pc4mb3h8hz.1 images.zip
1518.png,images/1518.png,8412121,72c8f409ebd5965b0b5990cf7509bdfbcaa59723b4955891ed375bdb5ed81e3a,True,2026-08-23T06:07:21Z,doi:10.17632/pc4mb3h8hz.1 images.zip
1534.png,images/1534.png,8624556,c6ba52b89a3c136563195225ca2378cab6280a395833c544c6c11ed54d65b1fc,True,2026-08-23T06:07:21Z,doi:10.17632/pc4mb3h8hz.1 images.zip
1538.png,images/1538.png,8692715,ea5bfbb80c989ddbb58ea7d4542de282afa46a5dd3cf3e54833905d9a81a107f,True,2026-08-23T06:07:21Z,doi:10.17632/pc4mb3h8hz.1 images.zip
1541.png,images/1541.png,8588691,a6e9d3c340c93fb22c3d10c3a66ce99096bed2af1ec6d316868f701c45687bf4,True,2026-08-23T06:07:21Z,doi:10.17632/pc4mb3h8hz.1 images.zip
1544.png,images/1544.png,8889172,2bed811caaee2904ae58ea814d7d983f468974d0d6c9ce5943b7f8a18b9905e7,True,2026-08-23T06:07:21Z,doi:10.17632/pc4mb3h8hz.1 images.zip
1548.png,images/1548.png,8469868,3178b1c47d6fae707ba779cec0fafebf3cca9da5f5f6ddef9ef6419c6b15b179,True,2026-08-23T06:07:21Z,doi:10.17632/pc4mb3h8hz.1 images.zip
1549.png,images/1549.png,8077202,ed4a10ccecdf182818d1838c31d7777d56674e1a5aa2fcea8a91b2a7435b0b16,True,2026-08-23T06:07:21Z,doi:10.17632/pc4mb3h8hz.1 images.zip
1553.png,images/1553.png,9190395,bd0b1148b014617e69465f289671c0ed456f96014a54cd92771ecc0f22b466f5,True,2026-08-23T06:07:21Z,doi:10.17632/pc4mb3h8hz.1 images.zip
1555.png,images/1555.png,8549568,476841e50deeb876d86e38a05e02e3fdd52d37b222570667b2e032b5d3717ecb,True,2026-08-23T06:07:21Z,doi:10.17632/pc4mb3h8hz.1 images.zip
1556.png,images/1556.png,8701444,d0e2165ae7829e78eef71875e0d0f4b86feb47bf19cc9a076fb7f15c8f298751,True,2026-08-23T06:07:21Z,doi:10.17632/pc4mb3h8hz.1 images.zip
1557.png,images/1557.png,8290788,b6f8ea3885ad9172919af98bfd7c4db1f95777411154a0442f133b46ef204b65,True,2026-08-23T06:07:21Z,doi:10.17632/pc4mb3h8hz.1 images.zip
1563.png,images/1563.png,8677086,1b51eff3b70c57d4989229c4b99b09e0e740c996ad1e720d821be7eb199414b2,True,2026-08-23T06:07:21Z,doi:10.17632/pc4mb3h8hz.1 images.zip
1572.png,images/1572.png,8651919,4a09175bac54c4652a9df1fc1db37ce26ffaf748ff5dfe853d7e2568408bce07,True,2026-08-23T06:07:21Z,doi:10.17632/pc4mb3h8hz.1 images.zip
1576.png,images/1576.png,7769899,0cee58448adc729dd0780f1352c39e741d00c09e7917145206cca9835408b33b,True,2026-08-23T06:07:21Z,doi:10.17632/pc4mb3h8hz.1 images.zip
1579.png,images/1579.png,7908084,d5769f31271953dc8e4deeb6ed91e80bb18f56bc80f27ba2823245a91c9e3c0d,True,2026-08-23T06:07:21Z,doi:10.17632/pc4mb3h8hz.1 images.zip
1586.png,images/1586.png,8418094,546707de35f0c1ad4beeb0b76dc102b03640afc07229383bce9c0874aad7dc8b,True,2026-08-23T06:07:21Z,doi:10.17632/pc4mb3h8hz.1 images.zip
1588.png,images/1588.png,8787456,5a196f0b9fdcc4b4300eb8be4d0781e85f8aab581b08232f92c6f829058d6e9f,True,2026-08-23T06:07:21Z,doi:10.17632/pc4mb3h8hz.1 images.zip
1590.png,images/1590.png,8776866,6cea2c0167362823352421c758a9bbfecd9aa8829aae3b78ac44425961713c0a,True,2026-08-23T06:07:21Z,doi:10.17632/pc4mb3h8hz.1 images.zip
1591.png,images/1591.png,8569004,e64e986899e86f5d3a03f71d9fdbb7bf97ef83837dbec5fcf9099cc8429b09e9,True,2026-08-23T06:07:21Z,doi:10.17632/pc4mb3h8hz.1 images.zip
1592.png,images/1592.png,8566150,5b3f22ad0c06329333ed0b870e0cca3b27142141bae77b832beabc03667b5e05,True,2026-08-23T06:07:21Z,doi:10.17632/pc4mb3h8hz.1 images.zip
1598.png,images/1598.png,8968925,e66856ef6a228c6751148723cf8b20f070982bb6c45f380f458b60dc0b762074,True,2026-08-23T06:07:21Z,doi:10.17632/pc4mb3h8hz.1 images.zip
1600.png,images/1600.png,8420032,1cdfb8cc0f089399c7e9bffb4fd829e7e9a8b76540c5beebc5f096f993163cea,True,2026-08-23T06:07:21Z,doi:10.17632/pc4mb3h8hz.1 images.zip
1605.png,images/1605.png,9075012,42cbbc552db8e9c98db916b1ee5b1592af0fb18b6bad0e07a0ca13056a96e150,True,2026-08-23T06:07:21Z,doi:10.17632/pc4mb3h8hz.1 images.zip
1613.png,images/1613.png,8249850,e2570e19c21c514a6c20a738a0b5d73001b45a36813a4f648c4d1b2a35c32e6e,True,2026-08-23T06:07:21Z,doi:10.17632/pc4mb3h8hz.1 images.zip
1631.png,images/1631.png,8881325,71c0ad8551147d6a24f890b772598eba22d43cbf9cb54f194c0f99ea97466851,True,2026-08-23T06:07:21Z,doi:10.17632/pc4mb3h8hz.1 images.zip
1635.png,images/1635.png,8582142,b6eba758b6a04df7b488a0c7b0447d835667c4ef47c0b73f14f17d51a54083ce,True,2026-08-23T06:07:21Z,doi:10.17632/pc4mb3h8hz.1 images.zip
1637.png,images/1637.png,8606891,d00335c14bc125e74877caff955d22bc06d2b42252a769ea33bb4c147e330150,True,2026-08-23T06:07:21Z,doi:10.17632/pc4mb3h8hz.1 images.zip
1639.png,images/1639.png,8496270,f04ae0afc6305bf236b85ac1ad07d2e79686e3da2296cdcec3bc7b6a8c766e6c,True,2026-08-23T06:07:21Z,doi:10.17632/pc4mb3h8hz.1 images.zip
1641.png,images/1641.png,8360921,0652cc0297ef998d26e546ac98d24c5c9df3d4770b611ef008296d8a49b0151e,True,2026-08-23T06:07:21Z,doi:10.17632/pc4mb3h8hz.1 images.zip
1642.png,images/1642.png,8129373,63cbc698e5a69cf85a9a8ec14f82bbed2463623f23a62804b303d3e4d1c647ba,True,2026-08-23T06:07:21Z,doi:10.17632/pc4mb3h8hz.1 images.zip
1645.png,images/1645.png,9137333,5456e78859de406672b4fcb3f4e1545d703119164385b2d3b616ba9927f68515,True,2026-08-23T06:07:21Z,doi:10.17632/pc4mb3h8hz.1 images.zip
1647.png,images/1647.png,9014226,ae235e166d90a36503356a9c803845359f0d6ee70b4d56f15db1724322c9e827,True,2026-08-23T06:07:21Z,doi:10.17632/pc4mb3h8hz.1 images.zip
1649.png,images/1649.png,8789871,b361f7a1c8f7c81222b14844b373375ac3dc179d8c52055f3f1ca649d557de8b,True,2026-08-23T06:07:21Z,doi:10.17632/pc4mb3h8hz.1 images.zip
1654.png,images/1654.png,8555265,df2588be0c3050dac215d37e04d7503621009846a734ca8fd9460f0480b705e6,True,2026-08-23T06:07:21Z,doi:10.17632/pc4mb3h8hz.1 images.zip
1655.png,images/1655.png,8052139,7834552bd8a8338dbc1b5acd2d3a5055a95b4d68b3786d168673973eda4eafb4,True,2026-08-23T06:07:21Z,doi:10.17632/pc4mb3h8hz.1 images.zip
1656.png,images/1656.png,8742557,ec81a7223d1b9fcae671ba95918c56e31c483b0ff15100dc4ada19743d168f49,True,2026-08-23T06:07:21Z,doi:10.17632/pc4mb3h8hz.1 images.zip
1658.png,images/1658.png,8529271,29bde96a74c89d7452d99e9498f1b9010d6e0e1026d4974f20c0a666e50401b0,True,2026-08-23T06:07:21Z,doi:10.17632/pc4mb3h8hz.1 images.zip
1660.png,images/1660.png,8888394,22d26e12b3ae604309039555ab1385115ebb70606301eb2c74c70f4ddc520f95,True,2026-08-23T06:07:21Z,doi:10.17632/pc4mb3h8hz.1 images.zip
1668.png,images/1668.png,8839827,a0e5041449ae97fa3a8f722ab703a02a6c8e531b03c6d767bded6759b9351cb7,True,2026-08-23T06:07:21Z,doi:10.17632/pc4mb3h8hz.1 images.zip
1669.png,images/1669.png,8355121,f93f83ecd7aecdcbd6e247247d2f7fd41bc2d0d6edc6b636a897114533e9530d,True,2026-08-23T06:07:21Z,doi:10.17632/pc4mb3h8hz.1 images.zip
1671.png,images/1671.png,8419386,0320b34d54ae506ed4ecfa706e5348db90f168947e17b25fcd23638756ce2c18,True,2026-08-23T06:07:21Z,doi:10.17632/pc4mb3h8hz.1 images.zip
1674.png,images/1674.png,8736411,b79532b9b267651f38188fe601b8acf3684416ca2de95e1d2d89c306e8acb025,True,2026-08-23T06:07:21Z,doi:10.17632/pc4mb3h8hz.1 images.zip
1676.png,images/1676.png,8782087,384dda10c62578c34454e0f2a201d57604845fa8caccf7677c12c25bfba80e73,True,2026-08-23T06:07:21Z,doi:10.17632/pc4mb3h8hz.1 images.zip
1678.png,images/1678.png,9061553,d995aaf6ee4aa605f9fa3017d4526f9868efffe1c987ee2e9c49daa08d9d9df0,True,2026-08-23T06:07:21Z,doi:10.17632/pc4mb3h8hz.1 images.zip
1682.png,images/1682.png,8414431,62c2f10777d3fbb4fe625986d352517cb574ec125027f712dcf1b0775e228c52,True,2026-08-23T06:07:21Z,doi:10.17632/pc4mb3h8hz.1 images.zip
1685.png,images/1685.png,9094807,d68c511daa061203f1cf855610d5de52cfe512fef214e87b87f432879d05977d,True,2026-08-23T06:07:21Z,doi:10.17632/pc4mb3h8hz.1 images.zip
1687.png,images/1687.png,8171644,fdf24f1aab40e9a82e270c74a2fd847a91be59d72cb2f739cdf752e75dc3216d,True,2026-08-23T06:07:21Z,doi:10.17632/pc4mb3h8hz.1 images.zip
1688.png,images/1688.png,8691685,7c14e360cf2594d810a611516b538fcfdf6ba1871dae0559f870e1046b27a748,True,2026-08-23T06:07:21Z,doi:10.17632/pc4mb3h8hz.1 images.zip
1691.png,images/1691.png,9041436,8f74e8382da1b82fd014ccd193289b4f69ce715ae33bcac26116cb3026981a4d,True,2026-08-23T06:07:21Z,doi:10.17632/pc4mb3h8hz.1 images.zip
1693.png,images/1693.png,8613153,c200dd4fa5da23f9cbaad334deab94c27e7f13e2befa7b20956edc272e57cf40,True,2026-08-23T06:07:21Z,doi:10.17632/pc4mb3h8hz.1 images.zip
1699.png,images/1699.png,7988643,0322b9831e9884a2545aa0e6add74aa561981b5e17eda8c16217296e3bd9a226,True,2026-08-23T06:07:21Z,doi:10.17632/pc4mb3h8hz.1 images.zip
1707.png,images/1707.png,8844106,2feb1d6ee55d4c8d5d2626ccbfecfe1de01d2e0ba357165e3c09528988e8da54,True,2026-08-23T06:07:21Z,doi:10.17632/pc4mb3h8hz.1 images.zip
1710.png,images/1710.png,8831952,9571b00c25bbdf2d6fcc9fa5ac63338afbbc5fb875fdf94632613e58a3f93b59,True,2026-08-23T06:07:21Z,doi:10.17632/pc4mb3h8hz.1 images.zip
1711.png,images/1711.png,8500205,c1cfde1a8875a10bff533143fd1593a476fbd8c06cd84a6699757a428a56dfbd,True,2026-08-23T06:07:21Z,doi:10.17632/pc4mb3h8hz.1 images.zip
1714.png,images/1714.png,8871179,a838409e20e3d47ddf8df4d60947bf6c486aff75825d6aa43202f9e13c38a993,True,2026-08-23T06:07:21Z,doi:10.17632/pc4mb3h8hz.1 images.zip
1716.png,images/1716.png,9189256,af9f5024b86827c76a3ae0b32b0ad292eeb998a0ee5e1843cb0408908805309e,True,2026-08-23T06:07:21Z,doi:10.17632/pc4mb3h8hz.1 images.zip
1717.png,images/1717.png,8237867,14298ea2eaed606509c5e64fb667edb967135aa4e3e6cbe8f9a88e6a38a36cb9,True,2026-08-23T06:07:21Z,doi:10.17632/pc4mb3h8hz.1 images.zip
1722.png,images/1722.png,8388817,827e293f9ee8f9f26b78b7763a5879b1cc78cf28f860320f87afebef21f7ec56,True,2026-08-23T06:07:21Z,doi:10.17632/pc4mb3h8hz.1 images.zip
1723.png,images/1723.png,8340883,6a0b64c7d39c2f0071a6ab0b0754c7afb7b2d6b3f108e58c252d82b87c0b3e1e,True,2026-08-23T06:07:21Z,doi:10.17632/pc4mb3h8hz.1 images.zip
1731.png,images/1731.png,8745871,f225eca9d92ffae73a94c30c4abe996c4c5217a6abef6acc209407b4286521b5,True,2026-08-23T06:07:21Z,doi:10.17632/pc4mb3h8hz.1 images.zip
1737.png,images/1737.png,8830590,a09eddf33fe675dbbfa6d40ab1c4886af3df7ca774f889e85d54758ba34927f4,True,2026-08-23T06:07:21Z,doi:10.17632/pc4mb3h8hz.1 images.zip
1896.png,images/1896.png,8563253,b73d83f1cd747ee0361cc9ebee2793325e91d25a0f4f01d770b54a1bb4490ddc,True,2026-08-23T06:07:21Z,doi:10.17632/pc4mb3h8hz.1 images.zip
1897.png,images/1897.png,8411730,bcb9ea71eb1ac0ba53514fca0f2f2847455bc66297aa0adae4cdb01308a373e5,True,2026-08-23T06:07:21Z,doi:10.17632/pc4mb3h8hz.1 images.zip
1903.png,images/1903.png,8573160,9cbcc304b52f5c724a136eddd1a6af63f7e42f86191806d16a623b1f039cb934,True,2026-08-23T06:07:21Z,doi:10.17632/pc4mb3h8hz.1 images.zip
1905.png,images/1905.png,8962465,242f3740344c1346be0d2d3ac8814fefad7cca1b4c4180c1b20be8ebf21814eb,True,2026-08-23T06:07:21Z,doi:10.17632/pc4mb3h8hz.1 images.zip
1906.png,images/1906.png,8175333,e36c4796708e74db5763ffff54706668dd1834034b0434426f7cb97bb1936596,True,2026-08-23T06:07:21Z,doi:10.17632/pc4mb3h8hz.1 images.zip
1907.png,images/1907.png,8324260,ea9cfd3681c822be1f99f52f996e9b0e7a0cd0ec2bc1b877c0587b07f30241d0,True,2026-08-23T06:07:21Z,doi:10.17632/pc4mb3h8hz.1 images.zip
1908.png,images/1908.png,9227560,cb195d346da6dee6939977ba672ecf9318ea4be4fe9dcf89a46b2bb3eb8b394f,True,2026-08-23T06:07:21Z,doi:10.17632/pc4mb3h8hz.1 images.zip
1736.png,images/1736.png,8694386,2a2c67a59ba3ee03f285feb649a93dd0a895340325141953f57b96f119e1f2f1,True,2026-08-23T06:07:21Z,doi:10.17632/pc4mb3h8hz.1 images.zip
1909.png,images/1909.png,8862637,19752bc6dc348eaab386ce48715423c737e32b3be899ef45f7672fee37a2beea,True,2026-08-23T06:07:21Z,doi:10.17632/pc4mb3h8hz.1 images.zip
1913.png,images/1913.png,8562064,050818899519dcde52aff83637a132d1daca9083a1fa6d4bd77d16f777d5beb2,True,2026-08-23T06:07:21Z,doi:10.17632/pc4mb3h8hz.1 images.zip
1914.png,images/1914.png,8472336,82ff15a84b58824b46be3a6bd98026ce776c9e35f87c431747fb1b93ae16b225,True,2026-08-23T06:07:21Z,doi:10.17632/pc4mb3h8hz.1 images.zip
1917.png,images/1917.png,9055617,45684f595140bec4c94f885a56ada6e2e31653768626bf58e9dcc2c786a10225,True,2026-08-23T06:07:21Z,doi:10.17632/pc4mb3h8hz.1 images.zip
1918.png,images/1918.png,8636634,7b17127dea2940f5e2631bf97adce5e86957013d605805a65b361e2f232d6345,True,2026-08-23T06:07:21Z,doi:10.17632/pc4mb3h8hz.1 images.zip
1501.png,images/1501.png,8680080,9184f52bc91470aa9662e5580b577768ee6ea92e49c61e7aab6db14a7553ec2e,True,2026-08-23T06:07:21Z,doi:10.17632/pc4mb3h8hz.1 images.zip
1503.png,images/1503.png,8337959,b6fcdf18a727abc73be5568a72e0be949b5c57a9873a9580acc4fad2e34814f5,True,2026-08-23T06:07:21Z,doi:10.17632/pc4mb3h8hz.1 images.zip
1504.png,images/1504.png,9122573,894814c484565b0bd180f616197ea743ec23e66cd5af22df5358928d3bef964b,True,2026-08-23T06:07:21Z,doi:10.17632/pc4mb3h8hz.1 images.zip
1512.png,images/1512.png,8214558,2f41c8b87bcbbcceeacfdd5be3c0455e5f3cfcc14305c49b4f1a1406f862dd37,True,2026-08-23T06:07:21Z,doi:10.17632/pc4mb3h8hz.1 images.zip
1521.png,images/1521.png,8446268,b787d92f8f5e5078e6461fd9194a2886068498144761f4a22ea8307945573be9,True,2026-08-23T06:07:21Z,doi:10.17632/pc4mb3h8hz.1 images.zip
1523.png,images/1523.png,8914806,9cc65786a7c531fe9d44dc781222abde4b322ba018d4b5a95c95bd9cedd481e8,True,2026-08-23T06:07:21Z,doi:10.17632/pc4mb3h8hz.1 images.zip
1524.png,images/1524.png,8476307,fd0657f2f6898768e673e3c2c7b0ba930f52d20274ea06621f9a6a272f8f20e1,True,2026-08-23T06:07:21Z,doi:10.17632/pc4mb3h8hz.1 images.zip
1525.png,images/1525.png,8996924,90e94c295ec7f5f7bd8f2304f9a5a3c17dd0d7d264aa94098da513791a40f3de,True,2026-08-23T06:07:21Z,doi:10.17632/pc4mb3h8hz.1 images.zip
1528.png,images/1528.png,8483514,833ba771bdafb5e0f7ea0412a69dd2537f2e6b70dba6f4293799b9e90267c657,True,2026-08-23T06:07:21Z,doi:10.17632/pc4mb3h8hz.1 images.zip
1529.png,images/1529.png,8871560,af9bfb2dc6b14a52d77319e6eb4e30feba6edd1b0d0f16db4d160d4f721db2d6,True,2026-08-23T06:07:21Z,doi:10.17632/pc4mb3h8hz.1 images.zip
1530.png,images/1530.png,8855122,eb20e89631c80b1ea925c8c74ffcdd784d424e8e1b9238eaf123627faf96d1c1,True,2026-08-23T06:07:21Z,doi:10.17632/pc4mb3h8hz.1 images.zip
1535.png,images/1535.png,8639452,eddb2de71ca17b8c5b42dc0ef09d60f2c32420102fb61884e7d0df192107865c,True,2026-08-23T06:07:21Z,doi:10.17632/pc4mb3h8hz.1 images.zip
1536.png,images/1536.png,9177937,1193a1f715ddd16f328298975ff3fcfaf753cf0515d59f3ac990344e48f3d314,True,2026-08-23T06:07:21Z,doi:10.17632/pc4mb3h8hz.1 images.zip
1537.png,images/1537.png,8846248,3469b3f45d0b32a336b3deaef1d6c307f5aaa5babc00abc25d058c622a54ca1f,True,2026-08-23T06:07:21Z,doi:10.17632/pc4mb3h8hz.1 images.zip
1542.png,images/1542.png,8407323,0e307d5281ae7b6468bd39d01432a09fc1b6538c70a04f463621172ea1ddfa92,True,2026-08-23T06:07:21Z,doi:10.17632/pc4mb3h8hz.1 images.zip
1543.png,images/1543.png,9269089,b3ee3b172d611e8ac8c13a80e9ef08b348fe57b73d787c34f6d92ac4e6999dbc,True,2026-08-23T06:07:21Z,doi:10.17632/pc4mb3h8hz.1 images.zip
1547.png,images/1547.png,8959578,4c12aff14eef9387a6e3c61d20022b576443ebe55fdfb905a1261f49a6b46018,True,2026-08-23T06:07:21Z,doi:10.17632/pc4mb3h8hz.1 images.zip
1554.png,images/1554.png,8965175,9f1cc5413d6e879265351291750c70cab8887700e9cfb869c55c5185fdb3cb24,True,2026-08-23T06:07:21Z,doi:10.17632/pc4mb3h8hz.1 images.zip
1571.png,images/1571.png,8058255,15c10066210444aae48593ed87dc0a6f044344f2656d13d4de96f4aec1b3449b,True,2026-08-23T06:07:21Z,doi:10.17632/pc4mb3h8hz.1 images.zip
1575.png,images/1575.png,8055194,97780da2f9e8c441ad1c24fe398fd53c077ec3169bb45e6b6ceb0a34d3af41c4,True,2026-08-23T06:07:21Z,doi:10.17632/pc4mb3h8hz.1 images.zip
1582.png,images/1582.png,8195583,5e0b4948059c7748a62603e3cd33908eb1161e7ecca96631231e8d661c2d9eda,True,2026-08-23T06:07:21Z,doi:10.17632/pc4mb3h8hz.1 images.zip
1585.png,images/1585.png,8191736,796f9e09c9d62116f4ac0b14996747919ac6bd406df7af9fb5dae9b2da4e9588,True,2026-08-23T06:07:21Z,doi:10.17632/pc4mb3h8hz.1 images.zip
1589.png,images/1589.png,9251728,16d9e44e3a23f72a2961c996225a84d3d1d3e1ca05cc02b190bf46acf05e3b6c,True,2026-08-23T06:07:21Z,doi:10.17632/pc4mb3h8hz.1 images.zip
1601.png,images/1601.png,9036220,ddb4cdc5a8c78e56eba9f80ab414b3bfe07eee4b6a94cdf0004efd48f2ffb48e,True,2026-08-23T06:07:21Z,doi:10.17632/pc4mb3h8hz.1 images.zip
1607.png,images/1607.png,8541194,31ac68ad785cb8df02964e8c5da577b9e460ef312f90a5f00bb6148f9e146bdc,True,2026-08-23T06:07:21Z,doi:10.17632/pc4mb3h8hz.1 images.zip
1611.png,images/1611.png,8164582,ac7d95b56de09649d79c0ae39592b076f1bafd169f72807e2288d27800e651a6,True,2026-08-23T06:07:21Z,doi:10.17632/pc4mb3h8hz.1 images.zip
1614.png,images/1614.png,8809007,ab4cc63f1eb452d588142eb7092ef4af682987b328302d98fe4a5cb6b7f7d44c,True,2026-08-23T06:07:21Z,doi:10.17632/pc4mb3h8hz.1 images.zip
1622.png,images/1622.png,8743070,e4ae74504ca6579f152eb78dbef70a48581050ea0f70a829b1107f94e1470e5a,True,2026-08-23T06:07:21Z,doi:10.17632/pc4mb3h8hz.1 images.zip
1626.png,images/1626.png,8002448,c960b3444595328c000d6572d2fb3e9b83b8ddc7fbd7a109a4adcbcf7da7bc42,True,2026-08-23T06:07:21Z,doi:10.17632/pc4mb3h8hz.1 images.zip
1636.png,images/1636.png,8503988,fc33b01aabb3b004ad9c7a64043333b70da5a1a94cab59ed8b7b9a2c846676d1,True,2026-08-23T06:07:21Z,doi:10.17632/pc4mb3h8hz.1 images.zip
1675.png,images/1675.png,9105920,14d418d6afd288acae713c58e37ba210f242c8843bd49ea30d6a1bf905fee57e,True,2026-08-23T06:07:21Z,doi:10.17632/pc4mb3h8hz.1 images.zip
1677.png,images/1677.png,8903586,3804e5a4321cd8f9bd6e8c635eb4959894c5f040952104a65adc07863524c2fd,True,2026-08-23T06:07:21Z,doi:10.17632/pc4mb3h8hz.1 images.zip
1679.png,images/1679.png,8857552,dc8fcf26d643f1450fc0efc2c6063b0bb539b0693bba2cd44bf9a4648070471f,True,2026-08-23T06:07:21Z,doi:10.17632/pc4mb3h8hz.1 images.zip
1684.png,images/1684.png,8738306,76a54847852facae05027ae7d7cf839ba7dacdb03dfc4d887b76f00a1df5682a,True,2026-08-23T06:07:21Z,doi:10.17632/pc4mb3h8hz.1 images.zip
1692.png,images/1692.png,9040932,2c52f89052b71a409db4cdf8b7cd64f998d655dc630d2e8935d72dbe06bd1a1a,True,2026-08-23T06:07:21Z,doi:10.17632/pc4mb3h8hz.1 images.zip
1694.png,images/1694.png,9577643,c3e0940f5c530a58474ffe00f53d019479490e4fd110bb538eae5cbedfa1d603,True,2026-08-23T06:07:21Z,doi:10.17632/pc4mb3h8hz.1 images.zip
1702.png,images/1702.png,8974672,47a9a07394716cccf66f45d3e38aaa6ace57db076e3e7b452b38b2dc005c937d,True,2026-08-23T06:07:21Z,doi:10.17632/pc4mb3h8hz.1 images.zip
1704.png,images/1704.png,8742763,7695a3d2a2507c53c986ebd2e2eb4f0a3591fc0f133994db9ccc4b8fd8683f39,True,2026-08-23T06:07:21Z,doi:10.17632/pc4mb3h8hz.1 images.zip
1708.png,images/1708.png,8761977,240ef8cf99e30bfa7bdeaf2922146e04b3a9347a730c02a1b7069b9fbd03949d,True,2026-08-23T06:07:21Z,doi:10.17632/pc4mb3h8hz.1 images.zip
1719.png,images/1719.png,8997397,750be151b753c0d9f125b6d39be290187d5d0672fcbe58e7cb3f24b1e2197c79,True,2026-08-23T06:07:21Z,doi:10.17632/pc4mb3h8hz.1 images.zip
1724.png,images/1724.png,8874955,0e8155a94b5a62fa27dd66e6958b79cf0b367637cf188eb46455f19a73d76e14,True,2026-08-23T06:07:21Z,doi:10.17632/pc4mb3h8hz.1 images.zip
1891.png,images/1891.png,8591664,0f7399ae35f0f833a291bbbadd1ac810b41e83fdfa3a7897cc9d49152e14ae21,True,2026-08-23T06:07:21Z,doi:10.17632/pc4mb3h8hz.1 images.zip
1892.png,images/1892.png,8455602,c70a179d2fc0e784e8593dd0f7666e56083fde420f6652b54f24a1ee0f896665,True,2026-08-23T06:07:21Z,doi:10.17632/pc4mb3h8hz.1 images.zip
1893.png,images/1893.png,8462744,147c604829314cd6ffad678c30a79432fc103c0c9596a4fabb204493e35db4e2,True,2026-08-23T06:07:21Z,doi:10.17632/pc4mb3h8hz.1 images.zip
1895.png,images/1895.png,8403130,f6cc8e14f8cba6a2bff52f01ec4a52b2920152c0652e8c7aa43b7f6b0f76d55d,True,2026-08-23T06:07:21Z,doi:10.17632/pc4mb3h8hz.1 images.zip
1911.png,images/1911.png,8928707,6ad49f4761092f42103c8b11fe0aee63be120480e4794e331a2561cca784e129,True,2026-08-23T06:07:21Z,doi:10.17632/pc4mb3h8hz.1 images.zip
1912.png,images/1912.png,9026616,7dd82f12d6a4e641426c0c11fb8aad180ee7d78a982808fc0a55fcd7e968246e,True,2026-08-23T06:07:21Z,doi:10.17632/pc4mb3h8hz.1 images.zip
