test_fold,image_id,role
1,(0001)aria_d_26,fit
1,(0001)aria_d_27,fit
1,(0004)aria_d_28,fit
1,(0007)aria_d_28,fit
1,(0018)aria_d_26,fit
1,(0024)aria_d_30,fit
1,(0026)aria_d_27,fit
1,(0031)aria_c_37,inner_val
1,1,fit
1,1000,fit
1,1001,fit
1,1003,fit
1,101,inner_val
1,1010,fit
1,1011,fit
1,1012,fit
1,1013,fit
1,1015,fit
1,1016,fit
1,1018,fit
1,102,fit
1,1022,fit
1,1023,inner_val
1,1024,fit
1,1025,fit
1,1026,fit
1,1027,fit
1,103,fit
1,1032,fit
1,1034,fit
1,1036,fit
1,104,fit
1,1040,fit
1,1041,fit
1,1043,fit
1,1045,fit
1,1046,fit
1,1048,fit
1,1049,fit
1,1053,fit
1,1054,inner_val
1,1055,fit
1,106,fit
1,1060,inner_val
1,1061,fit
1,1062,fit
1,1063,fit
1,1064,fit
1,1065,fit
1,1066,fit
1,1069,fit
1,1070,fit
1,1071,fit
1,1072,fit
1,1073,inner_val
1,1074,fit
1,1075,fit
1,1077,fit
1,1079,fit
1,1085,fit
1,1086,fit
1,1089,fit
1,1091,fit
1,1092,fit
1,1093,inner_val
1,1096,fit
1,1097,fit
1,1098,fit
1,1099,fit
1,1101,fit
1,1102,fit
1,1104,fit
1,1105,fit
1,1106,fit
1,1107,fit
1,1109,fit
1,1110,fit
1,1113,fit
1,1117,fit
1,1119,fit
1,112,fit
1,1123,fit
1,1124,fit
1,1126,inner_val
1,1127,fit
1,1128,fit
1,1129,fit
1,1130,fit
1,1132,fit
1,1133,fit
1,1134,fit
1,1135,fit
1,1136,inner_val
1,1138,fit
1,1139,inner_val
1,114,fit
1,1141,inner_val
1,1142,fit
1,1144,fit
1,1145,fit
1,1147,fit
1,115,fit
1,1151,fit
1,1153,fit
1,1154,fit
1,1155,fit
1,1156,fit
1,1157,fit
1,1158,fit
1,1159,fit
1,116,fit
1,1160,fit
1,1162,fit
1,1163,fit
1,1165,inner_val
1,1169,fit
1,1172,fit
1,1175,fit
1,1176,fit
1,118,fit
1,1180,fit
1,1181,fit
1,1183,fit
1,1184,fit
1,1185,fit
1,1186,fit
1,1189,inner_val
1,119,fit
1,1190,fit
1,1193,fit
1,1197,inner_val
1,1198,fit
1,1199,fit
1,120,fit
1,1200,fit
1,1201,fit
1,1207,fit
1,1214,fit
1,1215,fit
1,1216,inner_val
1,1219,inner_val
1,122,fit
1,1220,fit
1,1222,fit
1,1223,fit
1,1225,inner_val
1,1226,fit
1,1227,fit
1,1231,fit
1,1232,fit
1,1237,fit
1,1238,fit
1,1239,fit
1,124,fit
1,1240,fit
1,1241,fit
1,1245,fit
1,1251,fit
1,1254,fit
1,1255,fit
1,1257,fit
1,1258,fit
1,126,inner_val
1,1261,fit
1,1263,fit
1,1264,fit
1,1267,fit
1,1271,fit
1,1272,inner_val
1,1273,fit
1,1275,inner_val
1,1277,fit
1,1280,fit
1,1281,fit
1,1283,fit
1,1284,fit
1,1286,fit
1,1290,fit
1,1292,fit
1,1295,fit
1,1296,inner_val
1,1297,inner_val
1,1299,fit
1,130,fit
1,1300,fit
1,1301,fit
1,1302,fit
1,1303,fit
1,1305,fit
1,1306,fit
1,1307,fit
1,1308,fit
1,1309,fit
1,131,fit
1,1310,fit
1,1311,fit
1,1312,fit
1,1313,fit
1,1316,fit
1,1318,fit
1,1319,fit
1,1320,fit
1,1321,fit
1,1323,fit
1,1324,fit
1,1326,fit
1,1327,fit
1,1329,fit
1,1330,fit
1,1331,fit
1,1332,fit
1,1336,fit
1,1337,fit
1,134,fit
1,1340,fit
1,1346,fit
1,1347,fit
1,1348,fit
1,1349,inner_val
1,135,fit
1,1351,fit
1,1353,inner_val
1,1354,inner_val
1,1356,inner_val
1,1358,fit
1,1359,inner_val
1,1362,fit
1,1363,fit
1,1364,fit
1,1368,fit
1,1369,fit
1,1370,inner_val
1,1372,fit
1,1373,fit
1,1375,fit
1,1376,inner_val
1,1377,fit
1,1378,fit
1,1379,fit
1,138,fit
1,1381,fit
1,1382,fit
1,1383,fit
1,1384,fit
1,1385,fit
1,1388,fit
1,1391,inner_val
1,1393,fit
1,1394,fit
1,1395,fit
1,1396,fit
1,1397,fit
1,1399,inner_val
1,14,fit
1,1400,fit
1,1401,fit
1,1402,fit
1,1403,fit
1,1404,fit
1,1406,fit
1,1410,fit
1,1411,fit
1,1412,fit
1,1415,inner_val
1,1416,fit
1,1419,fit
1,1429,inner_val
1,1433,fit
1,1435,fit
1,1436,fit
1,1437,fit
1,144,inner_val
1,1444,fit
1,1448,fit
1,1449,fit
1,145,fit
1,1450,fit
1,1452,fit
1,1453,inner_val
1,1454,fit
1,1455,fit
1,1457,fit
1,146,fit
1,1462,fit
1,1463,fit
1,1464,fit
1,1465,fit
1,1466,fit
1,1468,fit
1,1471,fit
1,1472,fit
1,1474,fit
1,1476,fit
1,1478,fit
1,148,fit
1,1481,fit
1,1482,fit
1,1486,fit
1,1487,fit
1,1488,fit
1,1493,fit
1,1495,fit
1,1497,inner_val
1,1498,fit
1,1499,fit
1,15,fit
1,1503,fit
1,1504,fit
1,1505,fit
1,1507,fit
1,1509,fit
1,151,fit
1,1512,inner_val
1,1514,fit
1,1515,fit
1,1516,fit
1,1517,fit
1,1518,fit
1,1522,inner_val
1,1523,fit
1,1524,fit
1,1525,fit
1,1526,inner_val
1,1529,fit
1,153,fit
1,1530,fit
1,1533,fit
1,1535,fit
1,1537,fit
1,1538,fit
1,1539,fit
1,154,fit
1,1541,fit
1,1542,fit
1,1543,fit
1,1544,fit
1,1545,fit
1,1548,fit
1,1550,fit
1,1551,fit
1,1553,fit
1,1554,inner_val
1,1555,fit
1,1558,fit
1,156,fit
1,1561,fit
1,1562,fit
1,1563,fit
1,1564,fit
1,1569,fit
1,1570,inner_val
1,1582,fit
1,1584,fit
1,1586,fit
1,1587,fit
1,159,fit
1,1591,fit
1,1593,fit
1,1594,fit
1,1596,fit
1,1597,fit
1,16,fit
1,160,fit
1,1603,fit
1,1604,fit
1,1608,inner_val
1,1610,fit
1,1612,fit
1,1614,fit
1,1623,fit
1,1624,fit
1,1626,fit
1,1627,fit
1,1628,fit
1,1629,fit
1,1638,fit
1,1640,fit
1,1643,fit
1,1645,inner_val
1,1646,fit
1,1649,fit
1,165,fit
1,1650,fit
1,1654,fit
1,1657,fit
1,1659,fit
1,166,fit
1,1660,fit
1,1662,inner_val
1,1663,fit
1,1665,fit
1,1666,fit
1,1667,fit
1,1668,fit
1,167,fit
1,1670,inner_val
1,1675,fit
1,1681,inner_val
1,1684,fit
1,1689,fit
1,1690,fit
1,1691,fit
1,1696,fit
1,170,fit
1,1701,fit
1,1703,fit
1,1704,fit
1,1705,fit
1,1706,fit
1,1707,fit
1,1709,fit
1,171,fit
1,1714,fit
1,1715,fit
1,1716,fit
1,1717,inner_val
1,1726,fit
1,1727,fit
1,1728,fit
1,1729,fit
1,1730,fit
1,1731,fit
1,1733,fit
1,1734,fit
1,1736,fit
1,1737,fit
1,1741,inner_val
1,1742,fit
1,1743,fit
1,1744,fit
1,1745,fit
1,1746,fit
1,1747,inner_val
1,1748,fit
1,175,fit
1,1750,fit
1,1751,fit
1,1753,fit
1,1754,fit
1,1755,fit
1,1756,fit
1,1757,fit
1,1759,fit
1,1761,fit
1,1763,fit
1,1765,fit
1,1766,fit
1,1767,fit
1,1768,fit
1,1769,fit
1,177,inner_val
1,1770,fit
1,1771,fit
1,1772,fit
1,1773,fit
1,1774,fit
1,1775,fit
1,1777,fit
1,1779,fit
1,178,fit
1,1781,fit
1,1782,fit
1,1784,fit
1,1787,fit
1,1789,fit
1,179,fit
1,1791,fit
1,1792,fit
1,1793,fit
1,1794,inner_val
1,1795,fit
1,1796,fit
1,1797,fit
1,1798,fit
1,18,fit
1,1800,fit
1,1801,fit
1,1802,fit
1,1803,inner_val
1,1804,fit
1,1805,fit
1,1806,inner_val
1,1807,fit
1,1808,fit
1,181,fit
1,1810,fit
1,1811,inner_val
1,1813,fit
1,1814,fit
1,1815,fit
1,1816,fit
1,1817,fit
1,1818,fit
1,182,fit
1,1820,fit
1,1821,fit
1,1822,fit
1,1824,fit
1,1825,fit
1,1827,fit
1,1828,fit
1,1830,fit
1,1832,fit
1,1833,inner_val
1,1834,fit
1,1835,fit
1,1837,fit
1,1838,inner_val
1,1839,fit
1,184,fit
1,1840,fit
1,1843,fit
1,1844,fit
1,1845,fit
1,1847,fit
1,1848,fit
1,1850,fit
1,1852,fit
1,1853,fit
1,1854,fit
1,1855,fit
1,1856,inner_val
1,1857,fit
1,1858,fit
1,1859,fit
1,1860,fit
1,1861,fit
1,1862,inner_val
1,1865,fit
1,1867,fit
1,1868,inner_val
1,187,fit
1,1871,fit
1,1873,fit
1,1874,fit
1,1875,fit
1,1878,fit
1,1879,fit
1,1880,fit
1,1883,fit
1,1885,fit
1,1886,fit
1,1888,fit
1,1889,fit
1,189,inner_val
1,1890,fit
1,1893,fit
1,1894,fit
1,1895,fit
1,1896,fit
1,1897,fit
1,1898,fit
1,1899,fit
1,19,fit
1,190,fit
1,1900,inner_val
1,1901,inner_val
1,1902,fit
1,1903,fit
1,1904,inner_val
1,191,fit
1,1912,inner_val
1,1913,fit
1,1917,inner_val
1,1918,fit
1,1919,fit
1,192,fit
1,1920,fit
1,196,inner_val
1,197,fit
1,20,fit
1,202,fit
1,203,fit
1,205,fit
1,206,fit
1,209,fit
1,21,fit
1,212,fit
1,213,fit
1,214,fit
1,215,fit
1,216,fit
1,217,fit
1,218,fit
1,219,fit
1,22,fit
1,227,inner_val
1,228,fit
1,23,fit
1,230,fit
1,231,fit
1,233,fit
1,234,fit
1,236,fit
1,237,inner_val
1,239,fit
1,241,fit
1,242,fit
1,246,fit
1,248,fit
1,252,fit
1,253,fit
1,255,fit
1,257,fit
1,258,fit
1,26,fit
1,260,fit
1,263,fit
1,264,fit
1,266,fit
1,267,fit
1,268,fit
1,269,fit
1,270,fit
1,271,inner_val
1,273,fit
1,274,fit
1,277,inner_val
1,279,fit
1,280,fit
1,284,fit
1,285,fit
1,286,fit
1,287,fit
1,288,fit
1,290,fit
1,292,fit
1,293,fit
1,294,fit
1,295,fit
1,296,fit
1,297,inner_val
1,3,fit
1,303,fit
1,305,fit
1,306,fit
1,308,fit
1,313,fit
1,319,fit
1,320,fit
1,325,fit
1,328,fit
1,329,fit
1,33,fit
1,330,fit
1,336,fit
1,339,fit
1,341,inner_val
1,343,fit
1,350,fit
1,351,fit
1,356,fit
1,358,fit
1,362,fit
1,363,inner_val
1,364,fit
1,365,inner_val
1,366,fit
1,367,fit
1,37,inner_val
1,372,fit
1,374,inner_val
1,379,fit
1,38,fit
1,380,inner_val
1,383,fit
1,385,fit
1,390,fit
1,392,fit
1,394,fit
1,395,fit
1,397,fit
1,40,fit
1,402,fit
1,403,fit
1,406,fit
1,408,fit
1,41,fit
1,410,fit
1,413,fit
1,42,inner_val
1,420,fit
1,421,inner_val
1,429,fit
1,43,fit
1,430,fit
1,431,fit
1,433,fit
1,434,fit
1,435,fit
1,44,inner_val
1,440,fit
1,441,fit
1,442,inner_val
1,444,fit
1,446,fit
1,449,fit
1,45,fit
1,454,fit
1,458,fit
1,46,fit
1,460,fit
1,462,fit
1,463,fit
1,465,fit
1,468,fit
1,469,fit
1,47,fit
1,470,fit
1,473,fit
1,475,inner_val
1,476,fit
1,477,fit
1,478,fit
1,479,fit
1,48,fit
1,480,inner_val
1,482,fit
1,486,fit
1,487,inner_val
1,489,fit
1,49,fit
1,492,fit
1,493,fit
1,496,fit
1,497,fit
1,498,fit
1,5,fit
1,500,fit
1,508,fit
1,51,inner_val
1,515,fit
1,519,fit
1,52,fit
1,522,fit
1,523,fit
1,524,fit
1,527,fit
1,529,fit
1,53,fit
1,530,inner_val
1,531,fit
1,536,fit
1,537,fit
1,538,inner_val
1,539,fit
1,54,fit
1,540,fit
1,541,fit
1,548,inner_val
1,550,fit
1,551,fit
1,553,fit
1,554,fit
1,555,fit
1,556,fit
1,557,fit
1,560,fit
1,561,fit
1,562,fit
1,563,fit
1,568,inner_val
1,569,fit
1,571,fit
1,572,fit
1,573,fit
1,574,fit
1,578,inner_val
1,579,fit
1,581,fit
1,582,fit
1,583,fit
1,584,fit
1,586,fit
1,59,fit
1,591,fit
1,593,fit
1,594,inner_val
1,595,fit
1,596,fit
1,598,fit
1,599,fit
1,601,fit
1,603,fit
1,604,fit
1,605,fit
1,607,fit
1,608,fit
1,61,fit
1,613,fit
1,615,fit
1,616,inner_val
1,617,inner_val
1,618,fit
1,62,inner_val
1,622,fit
1,624,inner_val
1,625,fit
1,628,fit
1,633,fit
1,634,fit
1,635,fit
1,636,fit
1,637,fit
1,639,fit
1,64,fit
1,641,inner_val
1,642,fit
1,645,fit
1,646,fit
1,647,inner_val
1,649,fit
1,651,fit
1,652,fit
1,653,fit
1,654,fit
1,656,fit
1,658,fit
1,659,fit
1,66,fit
1,663,fit
1,664,fit
1,666,fit
1,667,fit
1,668,fit
1,669,fit
1,673,fit
1,674,inner_val
1,675,fit
1,676,fit
1,677,fit
1,678,fit
1,68,fit
1,681,fit
1,682,fit
1,683,fit
1,684,fit
1,685,fit
1,686,fit
1,687,fit
1,69,fit
1,690,inner_val
1,692,fit
1,693,inner_val
1,695,fit
1,698,fit
1,70,fit
1,700,fit
1,701,fit
1,703,inner_val
1,704,fit
1,705,fit
1,706,inner_val
1,707,fit
1,71,fit
1,710,inner_val
1,711,fit
1,712,fit
1,713,fit
1,715,fit
1,718,fit
1,723,fit
1,724,fit
1,726,fit
1,728,fit
1,729,fit
1,730,fit
1,732,fit
1,733,fit
1,735,fit
1,740,fit
1,742,inner_val
1,743,fit
1,744,fit
1,75,fit
1,757,fit
1,758,fit
1,759,fit
1,765,fit
1,766,fit
1,776,inner_val
1,779,fit
1,78,fit
1,781,inner_val
1,785,fit
1,786,inner_val
1,788,inner_val
1,789,fit
1,792,inner_val
1,793,fit
1,794,fit
1,795,fit
1,798,fit
1,80,fit
1,800,fit
1,801,fit
1,802,fit
1,803,fit
1,81,fit
1,812,fit
1,813,inner_val
1,815,fit
1,816,fit
1,817,inner_val
1,818,fit
1,821,fit
1,822,fit
1,823,fit
1,824,fit
1,826,fit
1,827,fit
1,828,fit
1,833,fit
1,834,fit
1,835,inner_val
1,839,inner_val
1,840,fit
1,841,fit
1,842,inner_val
1,843,fit
1,846,fit
1,850,fit
1,852,fit
1,854,inner_val
1,855,fit
1,859,fit
1,86,inner_val
1,861,fit
1,862,fit
1,863,fit
1,866,inner_val
1,868,fit
1,874,fit
1,876,fit
1,88,fit
1,880,fit
1,881,fit
1,883,fit
1,885,fit
1,888,fit
1,894,fit
1,895,fit
1,896,fit
1,898,fit
1,899,fit
1,900,fit
1,901,fit
1,903,fit
1,904,fit
1,905,fit
1,908,fit
1,91,fit
1,910,fit
1,912,fit
1,916,fit
1,92,fit
1,921,fit
1,924,fit
1,925,fit
1,926,fit
1,93,fit
1,931,inner_val
1,934,fit
1,936,fit
1,939,fit
1,94,fit
1,940,fit
1,941,fit
1,942,fit
1,944,fit
1,947,fit
1,949,fit
1,950,inner_val
1,956,fit
1,958,fit
1,960,fit
1,961,inner_val
1,965,fit
1,969,fit
1,97,fit
1,972,fit
1,973,fit
1,974,inner_val
1,975,fit
1,976,fit
1,98,fit
1,983,fit
1,984,fit
1,988,fit
1,99,fit
1,997,inner_val
1,999,fit
1,aria_c_1_7,fit
1,aria_c_1_8,fit
1,aria_c_21_12,fit
1,aria_c_21_3,fit
1,aria_c_22_1,fit
1,aria_c_22_9,fit
1,aria_c_23_23,fit
1,aria_c_23_4,fit
1,aria_c_25_1,inner_val
1,aria_c_25_10,inner_val
1,aria_c_26_15,fit
1,aria_c_26_2,fit
1,aria_c_27_3,inner_val
1,aria_c_28_19,inner_val
1,aria_c_30_2,inner_val
1,aria_c_31_2,fit
1,aria_c_31_20,fit
1,aria_c_34_1,fit
1,aria_c_35_2,fit
1,aria_c_35_26,fit
1,aria_c_35_27,fit
1,aria_c_36_4,fit
1,aria_c_36_44,fit
1,aria_c_38_2,fit
1,aria_c_38_42,fit
1,aria_c_39_a_10,fit
1,aria_c_41_15,fit
1,aria_c_41_3,fit
1,aria_c_43_1,inner_val
1,aria_c_44_12,fit
1,aria_c_44_3,fit
1,aria_c_45_12,fit
1,aria_c_45_2,fit
1,aria_c_47_15,fit
1,aria_c_47_2,fit
1,aria_c_4_1,fit
1,aria_c_4_8,fit
1,aria_c_5_1,fit
1,aria_c_5_4,fit
1,aria_c_6_2,fit
1,aria_c_6_5,fit
1,aria_c_7_2,fit
1,aria_c_9_1,fit
1,aria_c_9_6,fit
1,aria_d_11_1,fit
1,aria_d_11_22,fit
1,aria_d_12_2,fit
1,aria_d_12_20,fit
1,aria_d_13_2,fit
1,aria_d_13_22,fit
1,aria_d_14_20,fit
1,aria_d_15_2,inner_val
1,aria_d_15_22,inner_val
1,aria_d_16_2,fit
1,aria_d_16_22,fit
1,aria_d_17_12,fit
1,aria_d_17_2,fit
1,aria_d_18_2,fit
1,aria_d_18_21,fit
1,aria_d_1_19,inner_val
1,aria_d_20_17,fit
1,aria_d_20_2,fit
1,aria_d_21_2,fit
1,aria_d_21_21,fit
1,aria_d_22_2,fit
1,aria_d_22_22,fit
1,aria_d_23_1,inner_val
1,aria_d_24_6,fit
1,aria_d_3_2,fit
1,aria_d_3_32,fit
1,aria_d_3_33,fit
1,aria_d_5_2,fit
1,aria_d_5_22,fit
1,aria_d_6_11,fit
1,aria_d_6_3,fit
1,aria_d_8_2,fit
1,aria_d_8_23,fit
1,aria_d_9_24,fit
1,aria_d_9_3,fit
1,im0001,fit
1,im0012,inner_val
1,im0015,fit
1,im0016,fit
1,im0021,inner_val
1,im0030,fit
1,im0031,fit
1,im0032,inner_val
1,im0039,inner_val
1,im0041,fit
1,im0046,fit
1,im0050,fit
1,im0056,fit
1,im0057,fit
1,im0058,fit
1,im0059,inner_val
1,im0063,fit
1,im0069,inner_val
1,im0070,fit
1,im0076,fit
1,im0077,inner_val
1,im0080,fit
1,im0082,fit
1,im0085,fit
1,im0087,fit
1,im0089,fit
1,im0096,fit
1,im0097,fit
1,im0098,fit
1,im0111,fit
1,im0114,fit
1,im0115,inner_val
1,im0116,fit
1,im0117,fit
1,im0118,fit
1,im0119,fit
1,im0122,fit
1,im0123,fit
1,im0124,inner_val
1,im0126,fit
1,im0127,fit
1,im0133,fit
1,im0134,fit
1,im0135,fit
1,im0137,fit
1,im0138,fit
1,im0139,fit
1,im0141,fit
1,im0155,fit
1,im0156,fit
1,im0162,fit
1,im0163,fit
1,im0170,inner_val
1,im0175,fit
1,im0179,fit
1,im0184,fit
1,im0186,fit
1,im0187,fit
1,im0188,fit
1,im0190,fit
1,im0191,fit
1,im0192,fit
1,im0193,fit
1,im0195,fit
1,im0196,fit
1,im0197,fit
1,im0198,fit
1,im0199,fit
1,im0203,fit
1,im0205,fit
1,im0213,fit
1,im0219,fit
1,im0223,fit
1,im0224,fit
1,im0225,fit
1,im0228,fit
1,im0229,inner_val
1,im0230,fit
1,im0232,fit
1,im0234,fit
1,im0235,inner_val
1,im0236,fit
1,im0237,fit
1,im0238,fit
1,im0239,fit
1,im0240,fit
1,im0241,fit
1,im0242,fit
1,im0243,fit
1,im0245,fit
1,im0247,fit
1,im0249,fit
1,im0250,fit
1,im0251,fit
1,im0252,fit
1,im0253,fit
1,im0254,fit
1,im0255,fit
1,im0262,fit
1,im0263,fit
1,im0265,inner_val
1,im0266,inner_val
1,im0277,fit
1,im0292,fit
1,im0304,fit
1,im0307,fit
1,im0340,inner_val
1,im0342,fit
1,im0343,fit
1,im0345,fit
1,im0347,fit
1,im0349,fit
1,im0352,fit
1,im0353,fit
1,im0354,fit
1,im0356,fit
1,im0381,fit
1,im0382,fit
1,im0401,fit
1,im0402,fit
2,(0001)aria_d_26,fit
2,(0001)aria_d_27,fit
2,(0003)aria_d_29,inner_val
2,(0004)aria_d_28,fit
2,(0007)aria_d_28,fit
2,(0018)aria_d_26,fit
2,(0024)aria_d_30,fit
2,(0026)aria_d_27,fit
2,(0031)aria_c_37,inner_val
2,1,fit
2,10,fit
2,100,fit
2,1000,fit
2,1001,fit
2,1002,inner_val
2,1003,fit
2,1008,inner_val
2,101,inner_val
2,1011,fit
2,1012,fit
2,1014,fit
2,1015,fit
2,1016,fit
2,1017,fit
2,1018,fit
2,1022,fit
2,1026,fit
2,1032,fit
2,1034,fit
2,1035,fit
2,1036,fit
2,1037,fit
2,1039,fit
2,104,fit
2,1040,fit
2,1045,fit
2,1046,fit
2,1049,fit
2,105,fit
2,1052,fit
2,1053,fit
2,1055,fit
2,1060,inner_val
2,1061,fit
2,1062,fit
2,1063,fit
2,1066,fit
2,1067,fit
2,1070,fit
2,1071,fit
2,1072,fit
2,1073,fit
2,1075,fit
2,1077,fit
2,1079,fit
2,1082,inner_val
2,1085,fit
2,1086,fit
2,1089,fit
2,109,fit
2,1090,fit
2,1091,fit
2,1092,fit
2,1093,inner_val
2,1096,fit
2,1098,fit
2,1099,fit
2,110,fit
2,1100,fit
2,1101,fit
2,1102,inner_val
2,1105,fit
2,1106,fit
2,1107,fit
2,1109,fit
2,111,fit
2,1111,fit
2,1112,fit
2,1113,fit
2,1119,fit
2,112,fit
2,1123,fit
2,1124,fit
2,1126,inner_val
2,1127,fit
2,1129,fit
2,1130,fit
2,1132,fit
2,1134,fit
2,1135,fit
2,1136,fit
2,1137,inner_val
2,1139,inner_val
2,114,fit
2,1141,inner_val
2,1142,fit
2,1143,fit
2,1144,fit
2,1145,fit
2,1147,fit
2,1151,fit
2,1154,fit
2,1155,fit
2,1156,fit
2,1158,fit
2,1159,fit
2,1160,fit
2,1161,fit
2,1162,fit
2,1163,fit
2,1164,fit
2,1165,inner_val
2,1166,fit
2,1167,fit
2,1168,fit
2,1169,fit
2,117,inner_val
2,1172,fit
2,1175,fit
2,1176,fit
2,118,fit
2,1181,fit
2,1184,fit
2,1186,fit
2,1187,fit
2,1188,fit
2,1189,inner_val
2,119,fit
2,1190,fit
2,1193,fit
2,1194,fit
2,1195,fit
2,1197,inner_val
2,12,fit
2,120,fit
2,1200,fit
2,1201,fit
2,1202,inner_val
2,1206,fit
2,1208,fit
2,1209,fit
2,1214,fit
2,1216,inner_val
2,1219,inner_val
2,1220,fit
2,1222,fit
2,1223,fit
2,1224,fit
2,1225,fit
2,123,fit
2,1231,fit
2,1234,fit
2,1237,fit
2,1239,inner_val
2,124,fit
2,1242,fit
2,1244,fit
2,1245,fit
2,1247,fit
2,125,fit
2,1250,fit
2,1252,fit
2,1254,fit
2,1255,fit
2,1257,fit
2,1258,fit
2,126,inner_val
2,1261,fit
2,1262,fit
2,1264,fit
2,1265,fit
2,1267,fit
2,1271,fit
2,1272,inner_val
2,1273,fit
2,1274,fit
2,1275,inner_val
2,1276,fit
2,1280,fit
2,1284,fit
2,1286,fit
2,1290,fit
2,1292,fit
2,1295,fit
2,1296,inner_val
2,1297,inner_val
2,1299,fit
2,13,fit
2,130,fit
2,1300,fit
2,1301,fit
2,1302,fit
2,1303,fit
2,1305,fit
2,1308,fit
2,1309,fit
2,131,fit
2,1310,fit
2,1311,fit
2,1313,fit
2,1314,fit
2,1316,fit
2,1318,fit
2,132,fit
2,1322,fit
2,1324,fit
2,1325,fit
2,1326,fit
2,1329,fit
2,1330,fit
2,1332,fit
2,1333,fit
2,1334,fit
2,1335,fit
2,1336,fit
2,134,fit
2,1340,fit
2,1346,fit
2,1348,fit
2,1349,inner_val
2,135,fit
2,1350,fit
2,1352,fit
2,1353,inner_val
2,1355,fit
2,1356,inner_val
2,1357,fit
2,1358,fit
2,1359,inner_val
2,1363,fit
2,1364,fit
2,1365,fit
2,1370,fit
2,1373,fit
2,1374,fit
2,1375,fit
2,1376,inner_val
2,1377,fit
2,1378,fit
2,138,fit
2,1380,fit
2,1382,fit
2,1383,fit
2,1385,fit
2,1386,fit
2,1387,fit
2,1388,fit
2,139,fit
2,1391,inner_val
2,1392,inner_val
2,1393,fit
2,1394,fit
2,1398,fit
2,1399,inner_val
2,1400,fit
2,1401,fit
2,1402,fit
2,1403,fit
2,1408,fit
2,1409,fit
2,1410,fit
2,1411,fit
2,1413,fit
2,1414,fit
2,1415,inner_val
2,1417,fit
2,1418,fit
2,1419,fit
2,1420,fit
2,1429,inner_val
2,143,fit
2,1431,fit
2,1433,fit
2,1435,fit
2,1436,fit
2,1437,fit
2,144,inner_val
2,1444,fit
2,1449,fit
2,1451,fit
2,1452,fit
2,1453,inner_val
2,1454,fit
2,1455,fit
2,1456,fit
2,146,fit
2,1462,fit
2,1463,fit
2,1467,fit
2,1468,fit
2,1472,fit
2,1473,inner_val
2,1475,fit
2,1476,fit
2,1477,fit
2,1478,fit
2,148,fit
2,1481,fit
2,1482,fit
2,1484,fit
2,1485,fit
2,1487,fit
2,1488,fit
2,1491,fit
2,1495,fit
2,1497,inner_val
2,1498,fit
2,1499,fit
2,15,fit
2,1502,fit
2,1503,fit
2,1504,fit
2,1505,fit
2,1506,fit
2,1507,fit
2,1508,inner_val
2,1509,fit
2,151,fit
2,1510,fit
2,1512,inner_val
2,1515,fit
2,1516,fit
2,1518,fit
2,1519,fit
2,152,fit
2,1522,inner_val
2,1523,fit
2,1525,fit
2,1529,fit
2,1533,fit
2,1534,fit
2,1535,fit
2,1537,fit
2,1538,fit
2,154,fit
2,1541,fit
2,1542,fit
2,1543,fit
2,1544,fit
2,1545,fit
2,1546,fit
2,1548,fit
2,1549,fit
2,1550,fit
2,1551,fit
2,1553,fit
2,1554,inner_val
2,1558,fit
2,1561,fit
2,1562,fit
2,1563,fit
2,1565,fit
2,1569,fit
2,1570,inner_val
2,1582,fit
2,1584,fit
2,1586,fit
2,1587,fit
2,1588,fit
2,159,fit
2,1594,fit
2,1596,fit
2,16,fit
2,160,fit
2,1601,fit
2,1602,fit
2,1603,fit
2,1604,inner_val
2,1608,inner_val
2,1610,fit
2,1614,fit
2,1616,fit
2,1623,fit
2,1626,fit
2,1627,fit
2,1628,fit
2,1636,fit
2,1637,fit
2,1638,fit
2,1639,fit
2,1640,fit
2,1642,fit
2,1643,fit
2,1644,fit
2,1645,inner_val
2,1646,fit
2,1647,fit
2,165,fit
2,1650,fit
2,1654,fit
2,1657,fit
2,1659,inner_val
2,166,fit
2,1660,fit
2,1661,fit
2,1662,inner_val
2,1663,fit
2,1665,fit
2,1668,fit
2,167,fit
2,1670,fit
2,1674,fit
2,1675,fit
2,1681,inner_val
2,1682,fit
2,1687,fit
2,1689,fit
2,1690,fit
2,1691,fit
2,1693,fit
2,1695,fit
2,1699,fit
2,17,fit
2,170,fit
2,1701,fit
2,1703,fit
2,1704,fit
2,1705,fit
2,1707,fit
2,1708,fit
2,1709,fit
2,171,fit
2,1714,fit
2,1715,fit
2,1716,fit
2,1717,inner_val
2,1719,fit
2,1726,fit
2,1727,fit
2,1728,fit
2,1729,fit
2,1730,fit
2,1731,fit
2,1732,inner_val
2,1733,inner_val
2,1734,fit
2,1735,inner_val
2,1736,fit
2,1737,fit
2,1738,fit
2,1740,fit
2,1743,fit
2,1744,fit
2,1745,fit
2,1746,fit
2,1747,fit
2,1748,fit
2,175,fit
2,1750,fit
2,1751,fit
2,1752,fit
2,1753,fit
2,1754,fit
2,1755,fit
2,1756,fit
2,1757,fit
2,1759,fit
2,1760,fit
2,1761,fit
2,1762,fit
2,1763,fit
2,1764,fit
2,1765,fit
2,1766,fit
2,1767,fit
2,1768,fit
2,177,inner_val
2,1771,fit
2,1772,fit
2,1773,fit
2,1774,fit
2,1775,fit
2,1776,fit
2,1777,fit
2,1778,fit
2,1779,fit
2,1780,inner_val
2,1781,fit
2,1782,fit
2,1783,fit
2,1784,fit
2,1785,fit
2,1786,fit
2,1787,inner_val
2,1788,fit
2,1789,fit
2,179,fit
2,1790,fit
2,1791,fit
2,1792,inner_val
2,1793,inner_val
2,1794,fit
2,1796,fit
2,1797,fit
2,1798,fit
2,1800,fit
2,1801,fit
2,1803,inner_val
2,1804,fit
2,1805,fit
2,1806,inner_val
2,1807,fit
2,1808,fit
2,1809,fit
2,181,fit
2,1811,inner_val
2,1812,fit
2,1813,fit
2,1814,fit
2,1815,fit
2,1816,fit
2,1818,fit
2,1819,fit
2,182,fit
2,1820,fit
2,1821,fit
2,1823,fit
2,1824,fit
2,1826,fit
2,1829,fit
2,1830,fit
2,1832,fit
2,1834,fit
2,1835,fit
2,1836,fit
2,1837,fit
2,1839,fit
2,1840,fit
2,1841,fit
2,1842,fit
2,1843,fit
2,1844,fit
2,1845,fit
2,1846,fit
2,1847,fit
2,1848,fit
2,1849,fit
2,185,fit
2,1850,fit
2,1852,fit
2,1853,fit
2,1854,fit
2,1855,fit
2,1856,inner_val
2,1857,fit
2,1858,fit
2,1859,fit
2,1860,fit
2,1861,fit
2,1862,inner_val
2,1863,fit
2,1864,fit
2,1865,fit
2,1867,fit
2,1868,inner_val
2,1869,fit
2,187,fit
2,1870,fit
2,1872,fit
2,1874,fit
2,1875,fit
2,1876,fit
2,1877,fit
2,1878,fit
2,1879,fit
2,1880,fit
2,1881,fit
2,1882,fit
2,1883,fit
2,1884,fit
2,1886,fit
2,1889,fit
2,189,fit
2,1890,inner_val
2,1894,fit
2,1895,fit
2,1896,fit
2,1897,fit
2,1899,fit
2,19,fit
2,190,fit
2,1902,fit
2,1905,fit
2,191,fit
2,1911,fit
2,1912,inner_val
2,1913,fit
2,1917,inner_val
2,1918,fit
2,1919,fit
2,192,fit
2,1920,fit
2,195,fit
2,196,inner_val
2,197,fit
2,2,fit
2,202,fit
2,206,fit
2,209,fit
2,212,fit
2,213,inner_val
2,214,fit
2,215,fit
2,216,fit
2,217,fit
2,219,fit
2,226,inner_val
2,227,fit
2,228,fit
2,229,fit
2,23,fit
2,231,fit
2,233,fit
2,234,fit
2,235,fit
2,236,fit
2,238,inner_val
2,240,fit
2,241,fit
2,242,fit
2,246,fit
2,248,fit
2,252,fit
2,253,fit
2,255,fit
2,256,inner_val
2,258,fit
2,26,fit
2,260,fit
2,263,fit
2,264,fit
2,265,fit
2,267,fit
2,269,fit
2,270,fit
2,271,fit
2,273,fit
2,274,fit
2,277,inner_val
2,278,fit
2,279,fit
2,28,fit
2,280,fit
2,284,fit
2,285,fit
2,288,fit
2,292,fit
2,293,fit
2,294,fit
2,295,fit
2,296,fit
2,297,inner_val
2,298,fit
2,3,fit
2,303,fit
2,304,fit
2,305,fit
2,306,fit
2,308,fit
2,31,fit
2,313,fit
2,314,inner_val
2,317,fit
2,318,fit
2,319,fit
2,32,fit
2,320,fit
2,321,fit
2,325,fit
2,328,fit
2,329,inner_val
2,33,fit
2,331,fit
2,336,fit
2,337,fit
2,339,fit
2,341,inner_val
2,343,fit
2,344,inner_val
2,346,fit
2,347,fit
2,356,fit
2,358,fit
2,36,fit
2,361,fit
2,362,fit
2,363,inner_val
2,364,fit
2,365,inner_val
2,367,fit
2,37,inner_val
2,371,fit
2,374,inner_val
2,375,inner_val
2,378,inner_val
2,379,fit
2,38,fit
2,380,inner_val
2,382,fit
2,383,fit
2,385,fit
2,39,fit
2,390,fit
2,392,fit
2,394,fit
2,397,fit
2,406,fit
2,414,fit
2,42,inner_val
2,420,fit
2,426,fit
2,429,fit
2,43,fit
2,434,fit
2,435,fit
2,44,inner_val
2,440,fit
2,441,fit
2,443,inner_val
2,446,fit
2,449,fit
2,45,fit
2,452,fit
2,454,fit
2,456,fit
2,458,fit
2,46,fit
2,460,fit
2,462,fit
2,463,fit
2,465,fit
2,466,fit
2,467,fit
2,469,fit
2,473,fit
2,475,fit
2,476,fit
2,478,fit
2,479,fit
2,48,fit
2,480,inner_val
2,482,inner_val
2,487,inner_val
2,489,fit
2,49,fit
2,492,fit
2,493,fit
2,496,fit
2,497,fit
2,498,fit
2,499,fit
2,50,fit
2,500,fit
2,515,inner_val
2,519,fit
2,52,fit
2,522,fit
2,523,fit
2,524,fit
2,53,fit
2,530,fit
2,531,fit
2,532,fit
2,533,fit
2,536,fit
2,537,fit
2,538,inner_val
2,539,fit
2,541,fit
2,542,fit
2,548,inner_val
2,551,fit
2,553,fit
2,555,fit
2,556,fit
2,557,fit
2,560,fit
2,561,fit
2,563,fit
2,567,fit
2,568,fit
2,569,fit
2,571,fit
2,572,fit
2,574,fit
2,578,inner_val
2,579,fit
2,581,fit
2,582,fit
2,583,fit
2,585,fit
2,586,fit
2,59,fit
2,590,fit
2,594,fit
2,596,fit
2,598,fit
2,601,fit
2,604,fit
2,605,fit
2,607,fit
2,608,fit
2,61,fit
2,613,fit
2,614,fit
2,615,fit
2,616,inner_val
2,618,fit
2,62,inner_val
2,624,inner_val
2,625,fit
2,626,fit
2,628,fit
2,63,fit
2,634,fit
2,635,fit
2,637,fit
2,639,fit
2,640,fit
2,641,inner_val
2,642,fit
2,645,fit
2,646,fit
2,65,inner_val
2,651,fit
2,653,fit
2,658,fit
2,659,fit
2,66,fit
2,662,fit
2,663,fit
2,664,fit
2,667,fit
2,668,fit
2,67,fit
2,674,fit
2,675,fit
2,676,fit
2,677,fit
2,678,fit
2,679,fit
2,68,fit
2,680,fit
2,682,fit
2,683,fit
2,685,fit
2,686,fit
2,69,fit
2,690,fit
2,693,inner_val
2,695,fit
2,698,fit
2,699,fit
2,70,fit
2,700,fit
2,701,fit
2,703,inner_val
2,704,fit
2,705,fit
2,706,inner_val
2,707,fit
2,708,inner_val
2,710,inner_val
2,712,fit
2,713,fit
2,715,fit
2,718,fit
2,722,fit
2,723,fit
2,724,fit
2,725,fit
2,728,fit
2,729,fit
2,732,fit
2,733,fit
2,739,fit
2,741,fit
2,742,inner_val
2,743,fit
2,744,fit
2,75,fit
2,757,fit
2,758,fit
2,765,fit
2,766,fit
2,769,fit
2,776,fit
2,779,fit
2,78,fit
2,781,inner_val
2,786,fit
2,787,fit
2,788,inner_val
2,790,fit
2,792,inner_val
2,793,fit
2,794,fit
2,795,fit
2,797,fit
2,80,fit
2,800,fit
2,801,fit
2,803,fit
2,804,fit
2,805,fit
2,812,fit
2,813,fit
2,815,fit
2,816,fit
2,817,inner_val
2,818,fit
2,821,fit
2,822,fit
2,823,fit
2,824,fit
2,825,fit
2,826,fit
2,827,fit
2,829,fit
2,83,fit
2,831,fit
2,834,fit
2,835,inner_val
2,840,fit
2,841,fit
2,842,inner_val
2,844,fit
2,846,fit
2,85,fit
2,850,fit
2,852,fit
2,854,fit
2,858,fit
2,859,fit
2,86,inner_val
2,861,inner_val
2,868,fit
2,872,fit
2,874,fit
2,876,fit
2,88,fit
2,881,fit
2,883,fit
2,885,fit
2,889,fit
2,893,fit
2,894,fit
2,896,fit
2,898,fit
2,899,fit
2,90,fit
2,901,fit
2,903,fit
2,904,fit
2,905,fit
2,91,fit
2,910,fit
2,911,fit
2,916,fit
2,917,fit
2,921,fit
2,922,fit
2,925,fit
2,928,fit
2,931,fit
2,934,fit
2,936,fit
2,937,fit
2,938,fit
2,940,fit
2,941,fit
2,944,fit
2,947,fit
2,948,fit
2,950,inner_val
2,956,fit
2,958,fit
2,960,fit
2,961,inner_val
2,965,fit
2,967,fit
2,969,fit
2,972,inner_val
2,973,fit
2,974,inner_val
2,980,fit
2,983,fit
2,984,fit
2,985,inner_val
2,988,inner_val
2,99,fit
2,997,inner_val
2,999,fit
2,aria_c_1_7,fit
2,aria_c_1_8,fit
2,aria_c_20_1,fit
2,aria_c_20_10,fit
2,aria_c_20_18,fit
2,aria_c_23_23,fit
2,aria_c_23_4,fit
2,aria_c_24_12,fit
2,aria_c_24_2,fit
2,aria_c_25_1,inner_val
2,aria_c_25_10,inner_val
2,aria_c_26_15,fit
2,aria_c_26_2,fit
2,aria_c_28_19,fit
2,aria_c_2_3,fit
2,aria_c_2_8,fit
2,aria_c_30_2,inner_val
2,aria_c_32_2,inner_val
2,aria_c_32_21,inner_val
2,aria_c_34_1,fit
2,aria_c_36_4,fit
2,aria_c_36_44,fit
2,aria_c_38_2,fit
2,aria_c_38_42,fit
2,aria_c_39_a_10,fit
2,aria_c_40_a_6,fit
2,aria_c_40_b_14,fit
2,aria_c_41_15,fit
2,aria_c_41_3,fit
2,aria_c_44_12,fit
2,aria_c_44_3,fit
2,aria_c_45_12,fit
2,aria_c_45_2,fit
2,aria_c_46_12,inner_val
2,aria_c_4_1,fit
2,aria_c_4_8,fit
2,aria_c_6_2,fit
2,aria_c_6_5,fit
2,aria_c_7_2,fit
2,aria_c_9_1,fit
2,aria_c_9_6,fit
2,aria_d_10_19,inner_val
2,aria_d_11_1,fit
2,aria_d_11_22,fit
2,aria_d_12_2,fit
2,aria_d_12_20,fit
2,aria_d_13_2,fit
2,aria_d_13_22,fit
2,aria_d_16_2,fit
2,aria_d_16_22,fit
2,aria_d_17_12,fit
2,aria_d_17_2,fit
2,aria_d_1_19,inner_val
2,aria_d_20_17,fit
2,aria_d_20_2,fit
2,aria_d_21_2,fit
2,aria_d_21_21,fit
2,aria_d_23_1,inner_val
2,aria_d_24_6,fit
2,aria_d_25_2,fit
2,aria_d_25_33,fit
2,aria_d_2_31,fit
2,aria_d_2_6,fit
2,aria_d_3_2,fit
2,aria_d_3_32,fit
2,aria_d_3_33,fit
2,aria_d_4_31,fit
2,aria_d_4_5,fit
2,aria_d_5_2,fit
2,aria_d_5_22,fit
2,aria_d_6_11,fit
2,aria_d_6_3,fit
2,aria_d_7_17,fit
2,aria_d_7_22,fit
2,aria_d_8_2,fit
2,aria_d_8_23,fit
2,aria_d_9_24,fit
2,aria_d_9_3,fit
2,im0003,fit
2,im0006,inner_val
2,im0009,fit
2,im0012,inner_val
2,im0015,fit
2,im0016,fit
2,im0021,fit
2,im0030,fit
2,im0031,fit
2,im0032,fit
2,im0038,fit
2,im0039,inner_val
2,im0040,fit
2,im0046,fit
2,im0050,inner_val
2,im0056,inner_val
2,im0058,fit
2,im0060,fit
2,im0065,fit
2,im0068,fit
2,im0069,inner_val
2,im0070,fit
2,im0076,fit
2,im0077,inner_val
2,im0081,fit
2,im0082,fit
2,im0085,fit
2,im0087,fit
2,im0089,fit
2,im0094,fit
2,im0097,fit
2,im0113,fit
2,im0114,fit
2,im0115,fit
2,im0116,fit
2,im0117,fit
2,im0118,fit
2,im0119,fit
2,im0120,fit
2,im0121,fit
2,im0122,fit
2,im0123,fit
2,im0124,inner_val
2,im0125,fit
2,im0126,fit
2,im0127,fit
2,im0134,fit
2,im0136,fit
2,im0137,fit
2,im0138,fit
2,im0139,fit
2,im0140,inner_val
2,im0155,fit
2,im0156,fit
2,im0157,fit
2,im0163,fit
2,im0170,inner_val
2,im0175,fit
2,im0179,fit
2,im0184,fit
2,im0186,fit
2,im0187,fit
2,im0188,fit
2,im0189,fit
2,im0190,fit
2,im0191,fit
2,im0192,fit
2,im0193,fit
2,im0194,fit
2,im0195,fit
2,im0196,fit
2,im0197,fit
2,im0198,fit
2,im0203,fit
2,im0204,inner_val
2,im0205,fit
2,im0213,fit
2,im0216,fit
2,im0219,fit
2,im0222,fit
2,im0223,fit
2,im0225,fit
2,im0228,fit
2,im0229,inner_val
2,im0230,fit
2,im0231,fit
2,im0232,fit
2,im0233,fit
2,im0234,fit
2,im0237,fit
2,im0240,fit
2,im0242,fit
2,im0243,fit
2,im0247,fit
2,im0250,fit
2,im0251,fit
2,im0252,fit
2,im0253,fit
2,im0255,fit
2,im0262,fit
2,im0264,fit
2,im0265,inner_val
2,im0266,inner_val
2,im0277,fit
2,im0282,fit
2,im0304,fit
2,im0307,fit
2,im0340,inner_val
2,im0341,fit
2,im0342,fit
2,im0347,fit
2,im0348,fit
2,im0349,fit
2,im0350,fit
2,im0351,fit
2,im0353,fit
2,im0356,fit
2,im0381,fit
2,im0401,fit
2,im0402,fit
3,(0001)aria_d_26,fit
3,(0001)aria_d_27,fit
3,(0003)aria_d_29,fit
3,(0004)aria_d_28,inner_val
3,(0007)aria_d_28,inner_val
3,(0018)aria_d_26,fit
3,(0024)aria_d_30,inner_val
3,(0026)aria_d_27,fit
3,1,fit
3,10,fit
3,100,fit
3,1000,fit
3,1001,fit
3,1002,inner_val
3,1008,inner_val
3,101,fit
3,1010,fit
3,1011,fit
3,1012,fit
3,1013,fit
3,1014,fit
3,1015,fit
3,1017,fit
3,1018,fit
3,102,fit
3,1023,inner_val
3,1024,fit
3,1025,fit
3,1027,fit
3,103,fit
3,1032,fit
3,1034,fit
3,1035,fit
3,1036,fit
3,1037,inner_val
3,1039,fit
3,1041,fit
3,1043,fit
3,1045,inner_val
3,1048,fit
3,1049,fit
3,105,inner_val
3,1052,fit
3,1054,inner_val
3,1055,fit
3,106,fit
3,1063,fit
3,1064,fit
3,1065,fit
3,1067,fit
3,1069,fit
3,1070,fit
3,1072,fit
3,1073,inner_val
3,1074,fit
3,1075,fit
3,1077,fit
3,1082,inner_val
3,109,fit
3,1090,fit
3,1092,fit
3,1093,fit
3,1097,fit
3,1098,fit
3,1099,fit
3,110,fit
3,1100,inner_val
3,1101,fit
3,1102,inner_val
3,1104,fit
3,1105,fit
3,1107,fit
3,1109,fit
3,111,fit
3,1110,fit
3,1111,fit
3,1112,fit
3,1113,fit
3,1117,fit
3,112,fit
3,1123,fit
3,1126,fit
3,1128,fit
3,1129,fit
3,1130,fit
3,1132,fit
3,1133,fit
3,1135,fit
3,1136,fit
3,1137,inner_val
3,1138,fit
3,1139,inner_val
3,114,fit
3,1141,fit
3,1142,fit
3,1143,fit
3,1145,fit
3,1147,fit
3,115,fit
3,1153,fit
3,1154,fit
3,1155,fit
3,1156,fit
3,1157,fit
3,1159,fit
3,116,fit
3,1161,fit
3,1162,fit
3,1163,fit
3,1164,fit
3,1165,inner_val
3,1166,fit
3,1167,fit
3,1168,fit
3,117,inner_val
3,1175,fit
3,1176,fit
3,118,fit
3,1180,fit
3,1181,fit
3,1183,fit
3,1185,fit
3,1186,fit
3,1187,fit
3,1188,fit
3,1190,fit
3,1193,fit
3,1194,fit
3,1195,fit
3,1197,fit
3,1198,fit
3,1199,fit
3,12,fit
3,1202,inner_val
3,1206,fit
3,1207,fit
3,1208,inner_val
3,1209,fit
3,1214,fit
3,1215,fit
3,1219,fit
3,122,fit
3,1220,fit
3,1222,fit
3,1223,fit
3,1224,fit
3,1226,fit
3,1227,fit
3,123,fit
3,1231,fit
3,1232,fit
3,1234,inner_val
3,1237,fit
3,1238,fit
3,124,fit
3,1240,fit
3,1241,fit
3,1242,fit
3,1244,fit
3,1245,fit
3,1247,fit
3,125,fit
3,1250,fit
3,1251,fit
3,1252,fit
3,1254,fit
3,1257,fit
3,1258,fit
3,1261,fit
3,1262,fit
3,1263,fit
3,1264,fit
3,1265,fit
3,1271,fit
3,1272,fit
3,1273,fit
3,1274,fit
3,1275,fit
3,1276,fit
3,1277,fit
3,1281,fit
3,1283,fit
3,1284,fit
3,1286,fit
3,1292,fit
3,1295,fit
3,1296,inner_val
3,1297,inner_val
3,1299,fit
3,13,fit
3,130,fit
3,1300,fit
3,1302,fit
3,1306,fit
3,1307,fit
3,1308,fit
3,1309,fit
3,1310,fit
3,1312,fit
3,1313,fit
3,1314,fit
3,1316,fit
3,1318,fit
3,1319,fit
3,132,fit
3,1320,fit
3,1321,fit
3,1322,fit
3,1323,fit
3,1324,fit
3,1325,inner_val
3,1326,fit
3,1327,fit
3,1329,fit
3,1331,fit
3,1332,fit
3,1333,fit
3,1334,fit
3,1335,inner_val
3,1336,fit
3,1337,fit
3,134,fit
3,1340,fit
3,1346,fit
3,1347,fit
3,135,fit
3,1350,fit
3,1351,fit
3,1352,fit
3,1354,inner_val
3,1355,fit
3,1356,inner_val
3,1357,fit
3,1359,fit
3,1362,fit
3,1365,inner_val
3,1368,fit
3,1369,fit
3,1370,inner_val
3,1372,fit
3,1374,fit
3,1375,fit
3,1377,fit
3,1379,fit
3,1380,fit
3,1381,fit
3,1383,fit
3,1384,fit
3,1385,fit
3,1386,fit
3,1387,fit
3,1388,fit
3,139,fit
3,1391,inner_val
3,1392,inner_val
3,1393,fit
3,1395,fit
3,1396,fit
3,1397,fit
3,1398,fit
3,1399,inner_val
3,14,fit
3,1402,fit
3,1403,fit
3,1404,inner_val
3,1406,fit
3,1408,fit
3,1409,fit
3,1410,fit
3,1412,fit
3,1413,fit
3,1414,fit
3,1415,inner_val
3,1416,fit
3,1417,fit
3,1418,fit
3,1420,fit
3,1429,inner_val
3,143,fit
3,1431,fit
3,1433,fit
3,1435,fit
3,1436,fit
3,1437,fit
3,144,fit
3,1444,fit
3,1448,fit
3,145,fit
3,1450,fit
3,1451,inner_val
3,1453,inner_val
3,1454,fit
3,1455,fit
3,1456,inner_val
3,1457,fit
3,1462,fit
3,1463,fit
3,1464,fit
3,1465,fit
3,1466,fit
3,1467,inner_val
3,1468,fit
3,1471,fit
3,1472,fit
3,1473,fit
3,1474,fit
3,1475,fit
3,1476,fit
3,1477,inner_val
3,1478,fit
3,148,fit
3,1481,fit
3,1482,fit
3,1484,inner_val
3,1485,fit
3,1486,fit
3,1487,fit
3,1488,fit
3,1491,fit
3,1493,fit
3,1495,fit
3,1497,inner_val
3,1498,fit
3,15,fit
3,1502,inner_val
3,1505,fit
3,1506,fit
3,1507,fit
3,1508,inner_val
3,1509,fit
3,151,fit
3,1510,fit
3,1512,fit
3,1514,fit
3,1516,fit
3,1517,fit
3,1518,fit
3,1519,inner_val
3,152,fit
3,1522,inner_val
3,1523,fit
3,1524,fit
3,1526,fit
3,1529,fit
3,153,fit
3,1530,fit
3,1533,fit
3,1534,inner_val
3,1535,fit
3,1539,fit
3,154,fit
3,1541,fit
3,1542,fit
3,1544,fit
3,1545,fit
3,1546,fit
3,1548,fit
3,1549,inner_val
3,1551,fit
3,1553,fit
3,1555,fit
3,156,fit
3,1561,fit
3,1562,fit
3,1563,fit
3,1564,fit
3,1565,fit
3,1569,fit
3,1570,inner_val
3,1582,fit
3,1584,fit
3,1586,fit
3,1587,fit
3,1588,fit
3,1591,fit
3,1593,fit
3,1594,fit
3,1596,fit
3,1597,fit
3,160,fit
3,1601,fit
3,1602,fit
3,1603,fit
3,1608,inner_val
3,1610,fit
3,1612,fit
3,1614,fit
3,1616,fit
3,1624,fit
3,1627,fit
3,1628,fit
3,1629,fit
3,1636,inner_val
3,1637,fit
3,1638,fit
3,1639,fit
3,1642,fit
3,1643,fit
3,1644,fit
3,1645,fit
3,1646,fit
3,1647,fit
3,1649,fit
3,165,fit
3,1650,fit
3,1657,fit
3,1659,inner_val
3,1660,fit
3,1661,fit
3,1662,fit
3,1665,fit
3,1666,fit
3,1667,fit
3,1670,fit
3,1674,fit
3,1681,fit
3,1682,inner_val
3,1684,inner_val
3,1687,fit
3,1689,fit
3,1693,fit
3,1695,fit
3,1696,fit
3,1699,fit
3,17,fit
3,170,fit
3,1701,fit
3,1703,fit
3,1704,fit
3,1705,fit
3,1706,fit
3,1707,fit
3,1708,fit
3,171,fit
3,1714,inner_val
3,1715,fit
3,1716,fit
3,1719,fit
3,1726,fit
3,1727,fit
3,1728,fit
3,1729,fit
3,1730,fit
3,1731,fit
3,1732,inner_val
3,1733,fit
3,1734,fit
3,1735,inner_val
3,1736,fit
3,1737,fit
3,1738,fit
3,1740,fit
3,1741,inner_val
3,1742,fit
3,1743,fit
3,1744,fit
3,1745,fit
3,1747,fit
3,1748,fit
3,175,fit
3,1751,fit
3,1752,fit
3,1753,fit
3,1754,fit
3,1755,fit
3,1756,fit
3,1757,fit
3,1760,fit
3,1761,fit
3,1762,fit
3,1764,fit
3,1765,fit
3,1766,fit
3,1767,fit
3,1768,fit
3,1769,fit
3,1770,fit
3,1771,fit
3,1772,fit
3,1775,fit
3,1776,fit
3,1778,fit
3,178,fit
3,1780,inner_val
3,1782,fit
3,1783,fit
3,1784,fit
3,1785,fit
3,1786,fit
3,1788,fit
3,179,fit
3,1790,fit
3,1793,fit
3,1794,fit
3,1795,fit
3,1796,fit
3,1798,fit
3,18,fit
3,1800,fit
3,1802,fit
3,1803,fit
3,1804,fit
3,1805,fit
3,1806,inner_val
3,1807,fit
3,1808,fit
3,1809,fit
3,181,fit
3,1810,fit
3,1812,fit
3,1816,fit
3,1817,fit
3,1818,fit
3,1819,fit
3,182,fit
3,1820,fit
3,1821,fit
3,1822,fit
3,1823,fit
3,1824,fit
3,1825,fit
3,1826,fit
3,1827,fit
3,1828,fit
3,1829,fit
3,1830,inner_val
3,1832,fit
3,1833,inner_val
3,1834,fit
3,1835,fit
3,1836,inner_val
3,1837,fit
3,1838,fit
3,1839,fit
3,184,fit
3,1840,fit
3,1841,fit
3,1842,fit
3,1843,fit
3,1844,fit
3,1845,fit
3,1846,fit
3,1847,fit
3,1848,fit
3,1849,fit
3,185,fit
3,1850,inner_val
3,1853,fit
3,1854,fit
3,1855,fit
3,1858,fit
3,1859,fit
3,1860,fit
3,1861,fit
3,1863,fit
3,1864,fit
3,1865,fit
3,1867,fit
3,1869,fit
3,187,fit
3,1870,fit
3,1871,fit
3,1872,fit
3,1873,fit
3,1875,fit
3,1876,fit
3,1877,fit
3,1878,fit
3,1879,fit
3,1881,fit
3,1882,fit
3,1883,fit
3,1884,fit
3,1885,inner_val
3,1886,fit
3,1888,fit
3,1889,fit
3,1893,inner_val
3,1894,fit
3,1897,fit
3,1898,fit
3,1899,fit
3,190,fit
3,1900,fit
3,1901,fit
3,1902,fit
3,1903,fit
3,1904,fit
3,1905,fit
3,1911,fit
3,1917,inner_val
3,1918,inner_val
3,1919,fit
3,195,fit
3,196,inner_val
3,2,inner_val
3,20,fit
3,202,fit
3,203,fit
3,205,fit
3,206,fit
3,209,fit
3,21,fit
3,212,fit
3,213,fit
3,214,fit
3,215,fit
3,217,fit
3,218,fit
3,219,fit
3,22,fit
3,226,inner_val
3,227,fit
3,229,fit
3,23,fit
3,230,fit
3,235,fit
3,237,inner_val
3,238,inner_val
3,239,fit
3,240,fit
3,242,fit
3,252,fit
3,253,fit
3,256,inner_val
3,257,fit
3,258,fit
3,263,fit
3,265,fit
3,266,fit
3,267,fit
3,268,fit
3,270,fit
3,271,fit
3,273,fit
3,278,fit
3,279,fit
3,28,fit
3,284,fit
3,285,fit
3,286,fit
3,287,fit
3,288,fit
3,290,inner_val
3,292,fit
3,294,fit
3,295,fit
3,297,fit
3,298,fit
3,304,fit
3,308,fit
3,31,fit
3,314,inner_val
3,317,fit
3,318,inner_val
3,319,fit
3,32,fit
3,321,fit
3,325,fit
3,329,fit
3,330,fit
3,331,fit
3,337,inner_val
3,339,fit
3,343,fit
3,344,inner_val
3,346,fit
3,347,fit
3,350,fit
3,351,fit
3,36,fit
3,361,fit
3,362,fit
3,363,inner_val
3,364,fit
3,365,fit
3,366,fit
3,367,fit
3,37,fit
3,371,fit
3,372,fit
3,375,inner_val
3,378,inner_val
3,379,fit
3,38,fit
3,382,fit
3,385,fit
3,39,inner_val
3,392,fit
3,394,fit
3,395,fit
3,40,fit
3,402,fit
3,403,fit
3,408,fit
3,41,fit
3,410,inner_val
3,413,fit
3,414,fit
3,42,fit
3,420,fit
3,421,fit
3,426,fit
3,429,fit
3,43,fit
3,430,inner_val
3,431,fit
3,433,fit
3,434,fit
3,435,fit
3,44,fit
3,442,fit
3,443,inner_val
3,444,fit
3,446,fit
3,449,fit
3,45,fit
3,452,fit
3,454,inner_val
3,456,fit
3,460,fit
3,462,fit
3,463,fit
3,465,fit
3,466,fit
3,467,fit
3,468,fit
3,47,fit
3,470,fit
3,473,fit
3,475,inner_val
3,476,fit
3,477,fit
3,479,fit
3,48,fit
3,482,inner_val
3,486,fit
3,487,fit
3,49,fit
3,492,fit
3,493,fit
3,497,fit
3,499,inner_val
3,5,fit
3,50,fit
3,508,fit
3,51,inner_val
3,515,fit
3,52,fit
3,522,fit
3,523,fit
3,524,fit
3,527,fit
3,529,fit
3,530,fit
3,532,inner_val
3,533,fit
3,536,fit
3,537,fit
3,538,inner_val
3,539,fit
3,54,fit
3,540,fit
3,542,fit
3,548,fit
3,550,fit
3,551,fit
3,554,fit
3,555,fit
3,560,fit
3,561,fit
3,562,fit
3,563,fit
3,567,fit
3,568,fit
3,572,fit
3,573,fit
3,574,fit
3,579,fit
3,582,fit
3,583,fit
3,584,fit
3,585,inner_val
3,586,fit
3,590,fit
3,591,fit
3,593,fit
3,594,fit
3,595,fit
3,596,fit
3,599,fit
3,603,fit
3,604,fit
3,605,fit
3,607,fit
3,608,fit
3,61,fit
3,613,fit
3,614,fit
3,615,fit
3,617,fit
3,62,inner_val
3,622,fit
3,624,fit
3,625,fit
3,626,fit
3,63,fit
3,633,fit
3,635,fit
3,636,fit
3,64,fit
3,640,fit
3,642,inner_val
3,646,fit
3,647,inner_val
3,649,fit
3,65,fit
3,651,fit
3,652,fit
3,653,fit
3,654,fit
3,656,inner_val
3,658,fit
3,662,fit
3,664,fit
3,666,fit
3,667,fit
3,668,fit
3,669,fit
3,67,fit
3,673,fit
3,674,fit
3,676,fit
3,677,fit
3,679,fit
3,68,fit
3,680,fit
3,681,fit
3,684,fit
3,685,fit
3,686,fit
3,687,fit
3,690,fit
3,692,inner_val
3,699,fit
3,701,fit
3,703,inner_val
3,706,inner_val
3,708,inner_val
3,71,fit
3,710,inner_val
3,711,fit
3,712,fit
3,713,fit
3,718,fit
3,722,fit
3,724,fit
3,725,fit
3,726,fit
3,728,fit
3,729,fit
3,730,inner_val
3,732,fit
3,735,fit
3,739,fit
3,740,fit
3,741,fit
3,742,inner_val
3,744,fit
3,75,fit
3,757,fit
3,758,fit
3,759,fit
3,765,fit
3,766,fit
3,769,fit
3,776,fit
3,779,fit
3,78,fit
3,781,inner_val
3,785,fit
3,786,fit
3,787,inner_val
3,789,fit
3,790,fit
3,792,inner_val
3,793,fit
3,794,fit
3,797,inner_val
3,798,fit
3,800,fit
3,801,fit
3,802,fit
3,803,fit
3,804,inner_val
3,805,fit
3,81,fit
3,813,fit
3,817,fit
3,818,fit
3,821,fit
3,822,fit
3,824,fit
3,825,fit
3,826,fit
3,827,fit
3,828,fit
3,829,fit
3,83,fit
3,831,fit
3,833,inner_val
3,834,fit
3,839,fit
3,840,fit
3,841,fit
3,842,inner_val
3,843,fit
3,844,fit
3,85,inner_val
3,852,fit
3,855,fit
3,858,fit
3,859,fit
3,861,fit
3,862,fit
3,863,fit
3,866,inner_val
3,872,fit
3,88,fit
3,880,fit
3,881,fit
3,883,fit
3,885,fit
3,888,fit
3,889,fit
3,893,inner_val
3,894,fit
3,895,fit
3,896,fit
3,898,inner_val
3,90,fit
3,900,fit
3,901,fit
3,904,fit
3,905,fit
3,908,fit
3,91,fit
3,911,fit
3,912,fit
3,916,fit
3,917,fit
3,92,fit
3,921,fit
3,922,fit
3,924,fit
3,925,fit
3,926,fit
3,928,fit
3,93,inner_val
3,931,fit
3,934,fit
3,936,fit
3,937,fit
3,938,inner_val
3,939,fit
3,94,fit
3,940,fit
3,941,fit
3,942,fit
3,944,inner_val
3,947,fit
3,948,inner_val
3,949,fit
3,950,inner_val
3,956,inner_val
3,961,inner_val
3,965,fit
3,967,fit
3,969,fit
3,97,fit
3,972,fit
3,973,fit
3,975,fit
3,976,fit
3,98,fit
3,980,fit
3,983,fit
3,984,fit
3,985,inner_val
3,988,fit
3,99,fit
3,999,fit
3,aria_c_20_1,fit
3,aria_c_20_10,fit
3,aria_c_20_18,fit
3,aria_c_21_12,fit
3,aria_c_21_3,fit
3,aria_c_22_1,fit
3,aria_c_22_9,fit
3,aria_c_23_23,fit
3,aria_c_23_4,fit
3,aria_c_24_12,fit
3,aria_c_24_2,fit
3,aria_c_26_15,fit
3,aria_c_26_2,fit
3,aria_c_27_3,inner_val
3,aria_c_28_19,fit
3,aria_c_2_3,fit
3,aria_c_2_8,fit
3,aria_c_31_2,fit
3,aria_c_31_20,fit
3,aria_c_32_2,inner_val
3,aria_c_32_21,inner_val
3,aria_c_34_1,fit
3,aria_c_35_2,fit
3,aria_c_35_26,fit
3,aria_c_35_27,fit
3,aria_c_36_4,fit
3,aria_c_36_44,fit
3,aria_c_38_2,fit
3,aria_c_38_42,fit
3,aria_c_39_a_10,inner_val
3,aria_c_40_a_6,fit
3,aria_c_40_b_14,fit
3,aria_c_43_1,inner_val
3,aria_c_44_12,fit
3,aria_c_44_3,fit
3,aria_c_45_12,fit
3,aria_c_45_2,fit
3,aria_c_46_12,fit
3,aria_c_47_15,fit
3,aria_c_47_2,fit
3,aria_c_5_1,fit
3,aria_c_5_4,fit
3,aria_c_6_2,fit
3,aria_c_6_5,fit
3,aria_c_7_2,fit
3,aria_c_9_1,fit
3,aria_c_9_6,fit
3,aria_d_10_19,inner_val
3,aria_d_13_2,fit
3,aria_d_13_22,fit
3,aria_d_14_20,inner_val
3,aria_d_15_2,fit
3,aria_d_15_22,fit
3,aria_d_16_2,fit
3,aria_d_16_22,fit
3,aria_d_18_2,fit
3,aria_d_18_21,fit
3,aria_d_20_17,fit
3,aria_d_20_2,fit
3,aria_d_22_2,fit
3,aria_d_22_22,fit
3,aria_d_24_6,inner_val
3,aria_d_25_2,fit
3,aria_d_25_33,fit
3,aria_d_2_31,fit
3,aria_d_2_6,fit
3,aria_d_3_2,fit
3,aria_d_3_32,fit
3,aria_d_3_33,fit
3,aria_d_4_31,fit
3,aria_d_4_5,fit
3,aria_d_5_2,fit
3,aria_d_5_22,fit
3,aria_d_6_11,fit
3,aria_d_6_3,fit
3,aria_d_7_17,fit
3,aria_d_7_22,fit
3,aria_d_9_24,fit
3,aria_d_9_3,fit
3,im0001,fit
3,im0003,fit
3,im0006,inner_val
3,im0009,fit
3,im0012,inner_val
3,im0015,fit
3,im0016,fit
3,im0030,fit
3,im0031,fit
3,im0038,fit
3,im0039,fit
3,im0040,fit
3,im0041,fit
3,im0046,fit
3,im0056,inner_val
3,im0057,fit
3,im0058,fit
3,im0059,fit
3,im0060,fit
3,im0063,fit
3,im0065,fit
3,im0068,fit
3,im0069,inner_val
3,im0070,fit
3,im0077,inner_val
3,im0080,fit
3,im0081,fit
3,im0082,fit
3,im0094,fit
3,im0096,fit
3,im0097,fit
3,im0098,fit
3,im0111,fit
3,im0113,fit
3,im0114,fit
3,im0115,inner_val
3,im0116,fit
3,im0117,fit
3,im0118,fit
3,im0120,fit
3,im0121,fit
3,im0124,inner_val
3,im0125,fit
3,im0126,fit
3,im0127,fit
3,im0133,fit
3,im0134,fit
3,im0135,fit
3,im0136,fit
3,im0137,fit
3,im0138,fit
3,im0139,fit
3,im0140,fit
3,im0141,fit
3,im0155,fit
3,im0157,fit
3,im0162,fit
3,im0163,fit
3,im0170,fit
3,im0179,fit
3,im0184,fit
3,im0187,fit
3,im0188,fit
3,im0189,inner_val
3,im0191,fit
3,im0192,fit
3,im0194,fit
3,im0196,fit
3,im0199,fit
3,im0203,fit
3,im0204,inner_val
3,im0213,fit
3,im0216,fit
3,im0219,fit
3,im0222,fit
3,im0223,fit
3,im0224,fit
3,im0225,fit
3,im0229,inner_val
3,im0231,fit
3,im0232,fit
3,im0233,fit
3,im0234,fit
3,im0235,inner_val
3,im0236,fit
3,im0238,fit
3,im0239,fit
3,im0240,fit
3,im0241,fit
3,im0242,fit
3,im0245,fit
3,im0247,fit
3,im0249,fit
3,im0250,fit
3,im0251,fit
3,im0252,fit
3,im0253,fit
3,im0254,fit
3,im0262,fit
3,im0263,inner_val
3,im0264,fit
3,im0265,inner_val
3,im0266,inner_val
3,im0277,fit
3,im0282,fit
3,im0292,fit
3,im0340,inner_val
3,im0341,fit
3,im0343,fit
3,im0345,fit
3,im0347,fit
3,im0348,fit
3,im0349,fit
3,im0350,fit
3,im0351,fit
3,im0352,fit
3,im0354,fit
3,im0356,fit
3,im0381,fit
3,im0382,fit
4,(0003)aria_d_29,fit
4,(0004)aria_d_28,fit
4,(0007)aria_d_28,fit
4,(0031)aria_c_37,inner_val
4,10,fit
4,100,fit
4,1000,fit
4,1002,inner_val
4,1003,fit
4,1008,inner_val
4,1010,fit
4,1011,fit
4,1013,fit
4,1014,fit
4,1015,fit
4,1016,fit
4,1017,fit
4,1018,fit
4,102,fit
4,1022,fit
4,1023,inner_val
4,1024,fit
4,1025,fit
4,1026,fit
4,1027,fit
4,103,inner_val
4,1034,fit
4,1035,fit
4,1037,inner_val
4,1039,fit
4,104,fit
4,1040,fit
4,1041,fit
4,1043,fit
4,1046,fit
4,1048,fit
4,1049,fit
4,105,inner_val
4,1052,fit
4,1053,inner_val
4,1054,inner_val
4,1055,fit
4,106,fit
4,1060,fit
4,1061,fit
4,1062,fit
4,1063,fit
4,1064,fit
4,1065,fit
4,1066,fit
4,1067,fit
4,1069,fit
4,1070,fit
4,1071,fit
4,1072,fit
4,1074,fit
4,1079,fit
4,1082,inner_val
4,1085,fit
4,1086,fit
4,1089,fit
4,109,fit
4,1090,fit
4,1091,fit
4,1092,fit
4,1096,fit
4,1097,fit
4,1099,fit
4,110,fit
4,1100,inner_val
4,1101,fit
4,1102,fit
4,1104,fit
4,1106,fit
4,1107,fit
4,1109,fit
4,111,fit
4,1110,fit
4,1111,fit
4,1112,fit
4,1117,fit
4,1119,fit
4,1124,fit
4,1127,fit
4,1128,fit
4,1130,fit
4,1132,fit
4,1133,fit
4,1134,fit
4,1135,fit
4,1137,inner_val
4,1138,fit
4,1139,inner_val
4,1141,fit
4,1143,inner_val
4,1144,fit
4,1147,fit
4,115,fit
4,1151,fit
4,1153,fit
4,1154,fit
4,1155,fit
4,1156,fit
4,1157,fit
4,1158,fit
4,1159,fit
4,116,fit
4,1160,fit
4,1161,fit
4,1163,fit
4,1164,fit
4,1165,inner_val
4,1166,fit
4,1167,fit
4,1168,fit
4,1169,fit
4,117,inner_val
4,1172,fit
4,1175,fit
4,1176,fit
4,118,fit
4,1180,fit
4,1181,fit
4,1183,fit
4,1184,fit
4,1185,fit
4,1186,fit
4,1187,fit
4,1188,fit
4,1189,inner_val
4,119,fit
4,1190,fit
4,1193,fit
4,1194,fit
4,1195,fit
4,1198,fit
4,1199,fit
4,12,fit
4,120,fit
4,1200,fit
4,1201,fit
4,1202,inner_val
4,1206,fit
4,1207,fit
4,1208,inner_val
4,1209,fit
4,1215,fit
4,1216,inner_val
4,122,fit
4,1223,fit
4,1224,fit
4,1225,fit
4,1226,fit
4,1227,fit
4,123,fit
4,1232,fit
4,1234,fit
4,1237,fit
4,1238,fit
4,1239,fit
4,1240,fit
4,1241,fit
4,1242,fit
4,1244,fit
4,1245,fit
4,1247,fit
4,125,fit
4,1250,fit
4,1251,fit
4,1252,fit
4,1254,fit
4,1255,fit
4,126,inner_val
4,1261,fit
4,1262,fit
4,1263,fit
4,1265,fit
4,1267,fit
4,1271,fit
4,1274,fit
4,1275,fit
4,1276,fit
4,1277,fit
4,1280,fit
4,1281,fit
4,1283,fit
4,1286,fit
4,1290,fit
4,1292,fit
4,1295,fit
4,1296,inner_val
4,1297,inner_val
4,13,fit
4,130,fit
4,1301,fit
4,1302,fit
4,1303,fit
4,1305,fit
4,1306,fit
4,1307,fit
4,1308,fit
4,1309,fit
4,131,fit
4,1310,fit
4,1311,fit
4,1312,fit
4,1314,fit
4,1318,fit
4,1319,fit
4,132,fit
4,1320,fit
4,1321,fit
4,1322,fit
4,1323,fit
4,1325,fit
4,1327,fit
4,1330,fit
4,1331,fit
4,1332,fit
4,1333,fit
4,1334,fit
4,1335,fit
4,1337,fit
4,1346,fit
4,1347,fit
4,1348,fit
4,1349,fit
4,1350,fit
4,1351,fit
4,1352,fit
4,1353,inner_val
4,1354,inner_val
4,1355,fit
4,1356,inner_val
4,1357,fit
4,1358,fit
4,1362,fit
4,1363,fit
4,1364,fit
4,1365,inner_val
4,1368,fit
4,1369,fit
4,1370,inner_val
4,1372,fit
4,1373,fit
4,1374,fit
4,1376,inner_val
4,1378,fit
4,1379,fit
4,138,fit
4,1380,fit
4,1381,fit
4,1382,fit
4,1383,fit
4,1384,fit
4,1385,fit
4,1386,inner_val
4,1387,fit
4,1388,fit
4,139,fit
4,1391,inner_val
4,1392,inner_val
4,1393,fit
4,1394,fit
4,1395,fit
4,1396,fit
4,1397,fit
4,1398,fit
4,1399,inner_val
4,14,fit
4,1400,fit
4,1401,fit
4,1404,fit
4,1406,fit
4,1408,fit
4,1409,fit
4,1410,fit
4,1411,fit
4,1412,fit
4,1413,fit
4,1414,fit
4,1415,inner_val
4,1416,fit
4,1417,fit
4,1418,fit
4,1419,fit
4,1420,fit
4,1429,inner_val
4,143,fit
4,1431,fit
4,1437,fit
4,1444,fit
4,1448,fit
4,1449,fit
4,145,fit
4,1450,fit
4,1451,inner_val
4,1452,fit
4,1454,fit
4,1456,inner_val
4,1457,fit
4,146,fit
4,1463,fit
4,1464,fit
4,1465,fit
4,1466,fit
4,1467,inner_val
4,1471,fit
4,1472,inner_val
4,1473,inner_val
4,1474,fit
4,1475,fit
4,1477,inner_val
4,1482,fit
4,1484,inner_val
4,1485,fit
4,1486,fit
4,1488,fit
4,1491,fit
4,1493,fit
4,1497,inner_val
4,1499,fit
4,1502,inner_val
4,1503,fit
4,1504,fit
4,1506,fit
4,1507,fit
4,1508,inner_val
4,151,fit
4,1510,fit
4,1514,fit
4,1515,fit
4,1516,fit
4,1517,fit
4,1518,fit
4,1519,inner_val
4,152,fit
4,1522,inner_val
4,1523,fit
4,1524,fit
4,1525,fit
4,1526,fit
4,153,fit
4,1530,fit
4,1533,fit
4,1534,inner_val
4,1537,fit
4,1538,fit
4,1539,fit
4,154,fit
4,1543,fit
4,1544,fit
4,1546,fit
4,1548,fit
4,1549,fit
4,1550,fit
4,1554,inner_val
4,1555,fit
4,1558,fit
4,156,fit
4,1561,fit
4,1562,fit
4,1563,fit
4,1564,fit
4,1565,fit
4,1569,fit
4,1570,inner_val
4,1582,fit
4,1584,fit
4,1588,fit
4,159,fit
4,1591,fit
4,1593,fit
4,1597,fit
4,16,fit
4,1601,fit
4,1602,fit
4,1603,fit
4,1604,fit
4,1608,inner_val
4,1610,fit
4,1612,fit
4,1616,fit
4,1623,fit
4,1624,fit
4,1626,fit
4,1627,fit
4,1628,fit
4,1629,fit
4,1636,inner_val
4,1637,fit
4,1638,fit
4,1639,fit
4,1640,fit
4,1642,fit
4,1643,fit
4,1644,fit
4,1647,fit
4,1649,fit
4,1654,fit
4,1657,fit
4,1659,fit
4,166,fit
4,1661,fit
4,1663,fit
4,1665,fit
4,1666,fit
4,1667,fit
4,1668,fit
4,167,fit
4,1674,fit
4,1675,fit
4,1682,inner_val
4,1684,fit
4,1687,fit
4,1690,fit
4,1691,fit
4,1693,fit
4,1695,fit
4,1696,fit
4,1699,fit
4,17,fit
4,1705,fit
4,1706,fit
4,1707,fit
4,1708,fit
4,1709,fit
4,1716,fit
4,1717,inner_val
4,1719,fit
4,1728,fit
4,1729,fit
4,1730,fit
4,1731,fit
4,1732,inner_val
4,1734,fit
4,1735,inner_val
4,1738,fit
4,1740,fit
4,1741,inner_val
4,1742,fit
4,1745,fit
4,1746,fit
4,1748,fit
4,175,fit
4,1750,fit
4,1751,fit
4,1752,fit
4,1753,fit
4,1754,fit
4,1755,fit
4,1757,fit
4,1759,fit
4,1760,fit
4,1761,fit
4,1762,fit
4,1763,fit
4,1764,fit
4,1765,fit
4,1769,fit
4,177,inner_val
4,1770,fit
4,1773,fit
4,1774,fit
4,1775,fit
4,1776,fit
4,1777,fit
4,1778,fit
4,1779,fit
4,178,fit
4,1780,inner_val
4,1781,fit
4,1782,fit
4,1783,fit
4,1785,fit
4,1786,fit
4,1787,inner_val
4,1788,fit
4,1789,fit
4,1790,fit
4,1791,fit
4,1792,inner_val
4,1795,fit
4,1797,fit
4,18,fit
4,1801,fit
4,1802,fit
4,1805,fit
4,1806,inner_val
4,1807,fit
4,1809,fit
4,1810,fit
4,1811,inner_val
4,1812,fit
4,1813,fit
4,1814,fit
4,1815,fit
4,1817,fit
4,1818,fit
4,1819,fit
4,182,fit
4,1821,fit
4,1822,fit
4,1823,fit
4,1825,fit
4,1826,fit
4,1827,fit
4,1828,fit
4,1829,fit
4,1833,inner_val
4,1835,fit
4,1836,fit
4,1838,fit
4,1839,fit
4,184,fit
4,1840,fit
4,1841,fit
4,1842,fit
4,1843,fit
4,1845,fit
4,1846,fit
4,1847,fit
4,1849,fit
4,185,fit
4,1852,fit
4,1854,fit
4,1855,fit
4,1856,inner_val
4,1857,fit
4,1858,fit
4,1859,fit
4,1862,inner_val
4,1863,fit
4,1864,fit
4,1865,fit
4,1867,fit
4,1868,inner_val
4,1869,fit
4,187,fit
4,1870,fit
4,1871,fit
4,1872,fit
4,1873,fit
4,1874,fit
4,1876,fit
4,1877,fit
4,1878,fit
4,1880,fit
4,1881,fit
4,1882,fit
4,1883,fit
4,1884,fit
4,1885,fit
4,1886,fit
4,1888,fit
4,189,fit
4,1890,inner_val
4,1893,fit
4,1894,fit
4,1895,fit
4,1896,fit
4,1897,fit
4,1898,fit
4,1899,fit
4,19,fit
4,190,fit
4,1900,fit
4,1901,fit
4,1902,fit
4,1903,fit
4,1904,fit
4,1905,fit
4,191,fit
4,1911,fit
4,1912,inner_val
4,1913,fit
4,1917,inner_val
4,1919,fit
4,192,fit
4,1920,fit
4,195,fit
4,196,inner_val
4,197,fit
4,2,inner_val
4,20,fit
4,202,fit
4,203,fit
4,205,fit
4,206,fit
4,209,fit
4,21,fit
4,214,fit
4,215,fit
4,216,fit
4,217,fit
4,218,fit
4,22,fit
4,226,inner_val
4,228,fit
4,229,fit
4,23,fit
4,230,fit
4,231,fit
4,233,fit
4,234,fit
4,235,fit
4,236,fit
4,237,inner_val
4,238,inner_val
4,239,fit
4,240,fit
4,241,fit
4,246,fit
4,248,fit
4,253,fit
4,255,fit
4,256,inner_val
4,257,fit
4,258,fit
4,26,fit
4,260,fit
4,263,fit
4,264,fit
4,265,fit
4,266,fit
4,268,fit
4,269,fit
4,273,fit
4,274,fit
4,277,fit
4,278,fit
4,279,fit
4,28,fit
4,280,fit
4,284,fit
4,285,fit
4,286,fit
4,287,fit
4,288,fit
4,290,fit
4,293,fit
4,295,fit
4,296,fit
4,298,fit
4,3,fit
4,303,fit
4,304,fit
4,305,fit
4,306,fit
4,31,fit
4,313,fit
4,314,inner_val
4,317,fit
4,318,inner_val
4,32,fit
4,320,fit
4,321,fit
4,325,fit
4,328,fit
4,33,fit
4,330,fit
4,331,fit
4,336,fit
4,337,inner_val
4,339,fit
4,341,inner_val
4,343,fit
4,344,inner_val
4,346,fit
4,347,fit
4,350,fit
4,351,fit
4,356,fit
4,358,fit
4,36,fit
4,361,fit
4,363,inner_val
4,366,fit
4,367,fit
4,37,fit
4,371,fit
4,372,inner_val
4,374,inner_val
4,375,inner_val
4,378,inner_val
4,379,fit
4,380,inner_val
4,382,fit
4,383,fit
4,39,inner_val
4,390,fit
4,395,fit
4,397,fit
4,40,inner_val
4,402,fit
4,403,fit
4,406,fit
4,408,fit
4,41,fit
4,410,fit
4,413,fit
4,414,fit
4,420,fit
4,421,fit
4,426,fit
4,430,fit
4,431,fit
4,433,fit
4,434,fit
4,435,fit
4,440,fit
4,441,fit
4,442,fit
4,443,inner_val
4,444,fit
4,446,fit
4,452,fit
4,456,fit
4,458,fit
4,46,fit
4,462,fit
4,466,fit
4,467,fit
4,468,fit
4,469,fit
4,47,fit
4,470,fit
4,473,fit
4,476,fit
4,477,fit
4,478,fit
4,479,fit
4,48,fit
4,480,inner_val
4,482,inner_val
4,486,fit
4,489,fit
4,492,fit
4,496,fit
4,497,fit
4,498,fit
4,499,fit
4,5,fit
4,50,fit
4,500,fit
4,508,fit
4,51,inner_val
4,519,fit
4,52,fit
4,523,fit
4,524,fit
4,527,fit
4,529,fit
4,53,fit
4,531,fit
4,532,inner_val
4,533,fit
4,537,fit
4,538,inner_val
4,539,fit
4,54,fit
4,540,fit
4,541,fit
4,542,fit
4,550,fit
4,551,fit
4,553,fit
4,554,fit
4,556,fit
4,557,fit
4,560,fit
4,562,fit
4,563,fit
4,567,fit
4,569,fit
4,571,fit
4,572,fit
4,573,fit
4,574,fit
4,578,inner_val
4,579,fit
4,581,fit
4,583,fit
4,584,fit
4,585,inner_val
4,59,fit
4,590,fit
4,591,fit
4,593,fit
4,595,fit
4,598,fit
4,599,fit
4,601,fit
4,603,fit
4,604,fit
4,607,fit
4,61,fit
4,613,fit
4,614,fit
4,615,fit
4,616,fit
4,617,fit
4,618,fit
4,62,inner_val
4,622,fit
4,626,fit
4,628,fit
4,63,fit
4,633,fit
4,634,fit
4,635,fit
4,636,fit
4,637,fit
4,639,fit
4,64,fit
4,640,fit
4,641,inner_val
4,645,fit
4,646,fit
4,647,inner_val
4,649,fit
4,65,inner_val
4,651,fit
4,652,fit
4,654,fit
4,656,inner_val
4,659,fit
4,66,fit
4,662,fit
4,663,fit
4,666,fit
4,668,fit
4,669,inner_val
4,67,fit
4,673,fit
4,674,inner_val
4,675,fit
4,676,fit
4,677,fit
4,678,fit
4,679,fit
4,68,fit
4,680,fit
4,681,fit
4,682,fit
4,683,fit
4,684,fit
4,685,fit
4,687,fit
4,69,fit
4,692,fit
4,693,inner_val
4,695,fit
4,698,fit
4,699,inner_val
4,70,fit
4,700,fit
4,701,fit
4,703,inner_val
4,704,fit
4,705,fit
4,706,inner_val
4,707,fit
4,708,inner_val
4,71,fit
4,710,inner_val
4,711,fit
4,713,fit
4,715,fit
4,722,fit
4,723,fit
4,724,fit
4,725,fit
4,726,fit
4,728,fit
4,729,fit
4,730,fit
4,732,fit
4,733,fit
4,735,fit
4,739,fit
4,740,fit
4,741,fit
4,743,fit
4,759,fit
4,765,fit
4,769,fit
4,78,fit
4,781,inner_val
4,785,fit
4,787,inner_val
4,788,inner_val
4,789,fit
4,790,fit
4,793,fit
4,794,fit
4,795,fit
4,797,fit
4,798,fit
4,80,fit
4,800,fit
4,801,fit
4,802,fit
4,804,fit
4,805,fit
4,81,fit
4,812,fit
4,815,fit
4,816,fit
4,822,fit
4,823,fit
4,824,fit
4,825,fit
4,826,fit
4,827,fit
4,828,fit
4,829,fit
4,83,fit
4,831,fit
4,833,fit
4,835,inner_val
4,839,fit
4,842,inner_val
4,843,fit
4,844,fit
4,846,fit
4,85,inner_val
4,850,fit
4,854,fit
4,855,fit
4,858,fit
4,859,fit
4,86,fit
4,862,fit
4,863,fit
4,866,inner_val
4,868,fit
4,872,fit
4,874,fit
4,876,fit
4,88,fit
4,880,fit
4,883,fit
4,885,fit
4,888,fit
4,889,fit
4,893,inner_val
4,895,fit
4,899,fit
4,90,fit
4,900,fit
4,903,fit
4,908,fit
4,910,fit
4,911,fit
4,912,fit
4,917,fit
4,92,fit
4,921,fit
4,922,fit
4,924,fit
4,926,fit
4,928,fit
4,93,fit
4,937,fit
4,938,fit
4,939,fit
4,94,fit
4,941,fit
4,942,fit
4,947,fit
4,948,fit
4,949,fit
4,950,inner_val
4,958,fit
4,960,fit
4,965,fit
4,967,fit
4,97,fit
4,973,fit
4,974,inner_val
4,975,fit
4,976,fit
4,98,fit
4,980,fit
4,983,fit
4,985,inner_val
4,997,inner_val
4,aria_c_1_7,fit
4,aria_c_1_8,fit
4,aria_c_20_1,fit
4,aria_c_20_10,fit
4,aria_c_20_18,fit
4,aria_c_21_12,fit
4,aria_c_21_3,fit
4,aria_c_22_1,fit
4,aria_c_22_9,fit
4,aria_c_23_23,fit
4,aria_c_23_4,fit
4,aria_c_24_12,fit
4,aria_c_24_2,fit
4,aria_c_25_1,inner_val
4,aria_c_25_10,inner_val
4,aria_c_26_15,fit
4,aria_c_26_2,fit
4,aria_c_27_3,inner_val
4,aria_c_2_3,fit
4,aria_c_2_8,fit
4,aria_c_30_2,inner_val
4,aria_c_31_2,fit
4,aria_c_31_20,fit
4,aria_c_32_2,fit
4,aria_c_32_21,fit
4,aria_c_34_1,fit
4,aria_c_35_2,fit
4,aria_c_35_26,fit
4,aria_c_35_27,fit
4,aria_c_36_4,fit
4,aria_c_36_44,fit
4,aria_c_38_2,fit
4,aria_c_38_42,fit
4,aria_c_39_a_10,fit
4,aria_c_40_a_6,fit
4,aria_c_40_b_14,fit
4,aria_c_41_15,fit
4,aria_c_41_3,fit
4,aria_c_43_1,inner_val
4,aria_c_44_12,fit
4,aria_c_44_3,fit
4,aria_c_45_12,fit
4,aria_c_45_2,fit
4,aria_c_46_12,fit
4,aria_c_47_15,fit
4,aria_c_47_2,fit
4,aria_c_4_1,fit
4,aria_c_4_8,fit
4,aria_c_5_1,fit
4,aria_c_5_4,fit
4,aria_c_7_2,fit
4,aria_d_10_19,inner_val
4,aria_d_11_1,fit
4,aria_d_11_22,fit
4,aria_d_12_2,fit
4,aria_d_12_20,fit
4,aria_d_14_20,fit
4,aria_d_15_2,inner_val
4,aria_d_15_22,inner_val
4,aria_d_17_12,fit
4,aria_d_17_2,fit
4,aria_d_18_2,fit
4,aria_d_18_21,fit
4,aria_d_1_19,inner_val
4,aria_d_21_2,fit
4,aria_d_21_21,fit
4,aria_d_22_2,fit
4,aria_d_22_22,fit
4,aria_d_23_1,inner_val
4,aria_d_25_2,fit
4,aria_d_25_33,fit
4,aria_d_2_31,fit
4,aria_d_2_6,fit
4,aria_d_4_31,fit
4,aria_d_4_5,fit
4,aria_d_6_11,fit
4,aria_d_6_3,fit
4,aria_d_7_17,fit
4,aria_d_7_22,fit
4,aria_d_8_2,fit
4,aria_d_8_23,fit
4,aria_d_9_24,fit
4,aria_d_9_3,fit
4,im0001,fit
4,im0003,fit
4,im0006,fit
4,im0009,fit
4,im0012,inner_val
4,im0021,inner_val
4,im0030,fit
4,im0032,inner_val
4,im0038,fit
4,im0040,fit
4,im0041,fit
4,im0050,inner_val
4,im0057,fit
4,im0058,fit
4,im0059,inner_val
4,im0060,fit
4,im0063,fit
4,im0065,fit
4,im0068,fit
4,im0069,inner_val
4,im0070,fit
4,im0076,fit
4,im0077,inner_val
4,im0080,fit
4,im0081,fit
4,im0085,fit
4,im0087,fit
4,im0089,fit
4,im0094,fit
4,im0096,fit
4,im0098,fit
4,im0111,fit
4,im0113,fit
4,im0114,fit
4,im0117,fit
4,im0118,fit
4,im0119,fit
4,im0120,fit
4,im0121,fit
4,im0122,fit
4,im0123,fit
4,im0124,inner_val
4,im0125,fit
4,im0133,fit
4,im0134,fit
4,im0135,fit
4,im0136,fit
4,im0140,inner_val
4,im0141,fit
4,im0156,fit
4,im0157,fit
4,im0162,fit
4,im0175,fit
4,im0179,fit
4,im0184,fit
4,im0186,fit
4,im0188,fit
4,im0189,inner_val
4,im0190,fit
4,im0191,fit
4,im0192,fit
4,im0193,fit
4,im0194,fit
4,im0195,fit
4,im0196,fit
4,im0197,fit
4,im0198,fit
4,im0199,fit
4,im0204,fit
4,im0205,fit
4,im0216,fit
4,im0222,fit
4,im0223,fit
4,im0224,fit
4,im0228,fit
4,im0229,inner_val
4,im0230,fit
4,im0231,fit
4,im0232,fit
4,im0233,fit
4,im0235,fit
4,im0236,fit
4,im0237,fit
4,im0238,fit
4,im0239,fit
4,im0241,fit
4,im0242,fit
4,im0243,fit
4,im0245,fit
4,im0247,fit
4,im0249,fit
4,im0252,fit
4,im0254,fit
4,im0255,fit
4,im0262,fit
4,im0263,inner_val
4,im0264,fit
4,im0265,inner_val
4,im0266,inner_val
4,im0282,fit
4,im0292,fit
4,im0304,fit
4,im0307,fit
4,im0340,inner_val
4,im0341,fit
4,im0342,fit
4,im0343,fit
4,im0345,fit
4,im0347,fit
4,im0348,fit
4,im0350,fit
4,im0351,fit
4,im0352,fit
4,im0353,fit
4,im0354,fit
4,im0356,fit
4,im0381,fit
4,im0382,fit
4,im0401,fit
4,im0402,fit
5,(0001)aria_d_26,fit
5,(0001)aria_d_27,fit
5,(0003)aria_d_29,fit
5,(0018)aria_d_26,fit
5,(0024)aria_d_30,inner_val
5,(0026)aria_d_27,fit
5,(0031)aria_c_37,fit
5,1,fit
5,10,fit
5,100,fit
5,1001,fit
5,1002,fit
5,1003,fit
5,1008,fit
5,101,fit
5,1010,fit
5,1012,fit
5,1013,fit
5,1014,fit
5,1016,fit
5,1017,fit
5,102,fit
5,1022,fit
5,1023,inner_val
5,1024,fit
5,1025,fit
5,1026,fit
5,1027,fit
5,103,fit
5,1032,fit
5,1035,fit
5,1036,fit
5,1037,inner_val
5,1039,fit
5,104,inner_val
5,1040,inner_val
5,1041,fit
5,1043,fit
5,1045,fit
5,1046,fit
5,1048,fit
5,105,inner_val
5,1052,fit
5,1053,fit
5,1054,inner_val
5,106,fit
5,1060,fit
5,1061,inner_val
5,1062,fit
5,1064,fit
5,1065,fit
5,1066,fit
5,1067,fit
5,1069,fit
5,1071,fit
5,1073,fit
5,1074,fit
5,1075,fit
5,1077,fit
5,1079,fit
5,1082,inner_val
5,1085,fit
5,1086,fit
5,1089,fit
5,109,fit
5,1090,fit
5,1091,fit
5,1093,fit
5,1096,fit
5,1097,fit
5,1098,fit
5,110,fit
5,1100,fit
5,1104,fit
5,1105,fit
5,1106,fit
5,111,fit
5,1110,fit
5,1111,fit
5,1112,fit
5,1113,fit
5,1117,fit
5,1119,fit
5,112,fit
5,1123,fit
5,1124,inner_val
5,1126,inner_val
5,1127,fit
5,1128,fit
5,1129,fit
5,1133,fit
5,1134,fit
5,1136,inner_val
5,1137,inner_val
5,1138,fit
5,114,fit
5,1142,fit
5,1143,fit
5,1144,fit
5,1145,fit
5,115,fit
5,1151,fit
5,1153,fit
5,1157,fit
5,1158,fit
5,116,fit
5,1160,inner_val
5,1161,fit
5,1162,fit
5,1164,fit
5,1166,fit
5,1167,fit
5,1168,fit
5,1169,fit
5,117,inner_val
5,1172,fit
5,1180,fit
5,1183,fit
5,1184,fit
5,1185,fit
5,1187,fit
5,1188,fit
5,1189,fit
5,119,fit
5,1194,fit
5,1195,fit
5,1197,fit
5,1198,fit
5,1199,fit
5,12,fit
5,120,fit
5,1200,fit
5,1201,fit
5,1202,fit
5,1206,fit
5,1207,fit
5,1208,inner_val
5,1209,fit
5,1214,fit
5,1215,fit
5,1216,fit
5,1219,inner_val
5,122,fit
5,1220,fit
5,1222,fit
5,1224,fit
5,1225,inner_val
5,1226,fit
5,1227,fit
5,123,fit
5,1231,fit
5,1232,fit
5,1234,inner_val
5,1238,fit
5,1239,fit
5,124,fit
5,1240,fit
5,1241,fit
5,1242,fit
5,1244,fit
5,1247,fit
5,125,fit
5,1250,fit
5,1251,fit
5,1252,fit
5,1255,fit
5,1257,fit
5,1258,fit
5,126,fit
5,1262,fit
5,1263,fit
5,1264,fit
5,1265,fit
5,1267,fit
5,1272,inner_val
5,1273,fit
5,1274,fit
5,1276,fit
5,1277,fit
5,1280,fit
5,1281,inner_val
5,1283,fit
5,1284,fit
5,1290,fit
5,1299,fit
5,13,fit
5,1300,fit
5,1301,fit
5,1303,fit
5,1305,fit
5,1306,inner_val
5,1307,fit
5,131,inner_val
5,1311,fit
5,1312,fit
5,1313,fit
5,1314,fit
5,1316,fit
5,1319,fit
5,132,fit
5,1320,fit
5,1321,fit
5,1322,fit
5,1323,fit
5,1324,fit
5,1325,inner_val
5,1326,fit
5,1327,fit
5,1329,fit
5,1330,inner_val
5,1331,fit
5,1333,fit
5,1334,fit
5,1335,inner_val
5,1336,fit
5,1337,fit
5,134,inner_val
5,1340,fit
5,1347,fit
5,1348,inner_val
5,1349,fit
5,135,fit
5,1350,fit
5,1351,fit
5,1352,fit
5,1353,fit
5,1354,inner_val
5,1355,fit
5,1357,fit
5,1358,fit
5,1359,fit
5,1362,inner_val
5,1363,fit
5,1364,fit
5,1365,inner_val
5,1368,fit
5,1369,fit
5,1372,inner_val
5,1373,fit
5,1374,fit
5,1375,fit
5,1376,fit
5,1377,fit
5,1378,inner_val
5,1379,fit
5,138,fit
5,1380,fit
5,1381,fit
5,1382,fit
5,1384,fit
5,1386,fit
5,1387,fit
5,139,fit
5,1392,inner_val
5,1394,fit
5,1395,fit
5,1396,fit
5,1397,fit
5,1398,fit
5,14,fit
5,1400,fit
5,1401,fit
5,1402,fit
5,1403,fit
5,1404,fit
5,1406,fit
5,1408,fit
5,1409,fit
5,1411,fit
5,1412,fit
5,1413,fit
5,1414,inner_val
5,1416,fit
5,1417,fit
5,1418,fit
5,1419,fit
5,1420,fit
5,143,fit
5,1431,fit
5,1433,fit
5,1435,fit
5,1436,fit
5,144,fit
5,1448,fit
5,1449,fit
5,145,fit
5,1450,fit
5,1451,fit
5,1452,fit
5,1453,inner_val
5,1455,fit
5,1456,fit
5,1457,fit
5,146,fit
5,1462,fit
5,1464,fit
5,1465,inner_val
5,1466,fit
5,1467,inner_val
5,1468,fit
5,1471,inner_val
5,1473,inner_val
5,1474,fit
5,1475,fit
5,1476,fit
5,1477,fit
5,1478,fit
5,148,fit
5,1481,fit
5,1484,fit
5,1485,fit
5,1486,fit
5,1487,inner_val
5,1491,fit
5,1493,fit
5,1495,fit
5,1498,fit
5,1499,fit
5,15,fit
5,1502,fit
5,1503,fit
5,1504,fit
5,1505,fit
5,1506,fit
5,1508,inner_val
5,1509,fit
5,1510,fit
5,1512,fit
5,1514,fit
5,1515,fit
5,1517,fit
5,1519,inner_val
5,152,fit
5,1524,fit
5,1525,fit
5,1526,fit
5,1529,fit
5,153,fit
5,1530,fit
5,1534,inner_val
5,1535,fit
5,1537,fit
5,1538,inner_val
5,1539,fit
5,1541,fit
5,1542,fit
5,1543,fit
5,1545,fit
5,1546,fit
5,1549,inner_val
5,1550,fit
5,1551,fit
5,1553,fit
5,1554,fit
5,1555,fit
5,1558,fit
5,156,inner_val
5,1564,fit
5,1565,fit
5,1586,fit
5,1587,fit
5,1588,fit
5,159,fit
5,1591,inner_val
5,1593,fit
5,1594,fit
5,1596,fit
5,1597,fit
5,16,fit
5,160,fit
5,1601,fit
5,1602,fit
5,1604,fit
5,1612,fit
5,1614,fit
5,1616,fit
5,1623,fit
5,1624,fit
5,1626,fit
5,1629,fit
5,1636,inner_val
5,1637,fit
5,1639,fit
5,1640,fit
5,1642,fit
5,1644,fit
5,1645,fit
5,1646,inner_val
5,1647,fit
5,1649,fit
5,165,fit
5,1650,fit
5,1654,fit
5,166,fit
5,1660,fit
5,1661,fit
5,1662,fit
5,1663,fit
5,1666,fit
5,1667,fit
5,1668,fit
5,167,fit
5,1670,inner_val
5,1674,fit
5,1675,fit
5,1681,fit
5,1682,inner_val
5,1684,inner_val
5,1687,fit
5,1689,fit
5,1690,fit
5,1691,fit
5,1693,fit
5,1695,fit
5,1696,fit
5,1699,fit
5,17,fit
5,170,fit
5,1701,fit
5,1703,fit
5,1704,fit
5,1706,fit
5,1708,fit
5,1709,fit
5,171,fit
5,1714,inner_val
5,1715,fit
5,1717,fit
5,1719,fit
5,1726,fit
5,1727,fit
5,1732,inner_val
5,1733,fit
5,1735,inner_val
5,1736,fit
5,1737,fit
5,1738,fit
5,1740,fit
5,1741,inner_val
5,1742,fit
5,1743,fit
5,1744,fit
5,1746,fit
5,1747,inner_val
5,1750,fit
5,1752,fit
5,1756,fit
5,1759,fit
5,1760,fit
5,1762,fit
5,1763,fit
5,1764,fit
5,1766,fit
5,1767,fit
5,1768,fit
5,1769,fit
5,177,fit
5,1770,fit
5,1771,fit
5,1772,fit
5,1773,fit
5,1774,fit
5,1776,fit
5,1777,fit
5,1778,fit
5,1779,fit
5,178,fit
5,1780,inner_val
5,1781,fit
5,1783,fit
5,1784,fit
5,1785,fit
5,1786,fit
5,1787,fit
5,1788,fit
5,1789,fit
5,179,fit
5,1790,fit
5,1791,fit
5,1792,fit
5,1793,fit
5,1794,fit
5,1795,fit
5,1796,fit
5,1797,fit
5,1798,fit
5,18,fit
5,1800,fit
5,1801,fit
5,1802,fit
5,1803,inner_val
5,1804,fit
5,1808,fit
5,1809,fit
5,181,inner_val
5,1810,fit
5,1811,fit
5,1812,fit
5,1813,fit
5,1814,fit
5,1815,fit
5,1816,fit
5,1817,fit
5,1819,fit
5,1820,fit
5,1822,fit
5,1823,fit
5,1824,fit
5,1825,fit
5,1826,fit
5,1827,fit
5,1828,fit
5,1829,fit
5,1830,inner_val
5,1832,fit
5,1833,inner_val
5,1834,fit
5,1836,inner_val
5,1837,fit
5,1838,fit
5,184,fit
5,1841,fit
5,1842,fit
5,1844,fit
5,1846,fit
5,1848,fit
5,1849,fit
5,185,fit
5,1850,inner_val
5,1852,fit
5,1853,fit
5,1856,fit
5,1857,fit
5,1860,fit
5,1861,fit
5,1862,fit
5,1863,fit
5,1864,fit
5,1868,fit
5,1869,fit
5,1870,fit
5,1871,fit
5,1872,fit
5,1873,fit
5,1874,fit
5,1875,fit
5,1876,fit
5,1877,fit
5,1879,fit
5,1880,fit
5,1881,fit
5,1882,fit
5,1884,fit
5,1885,inner_val
5,1888,fit
5,1889,fit
5,189,inner_val
5,1890,fit
5,1893,fit
5,1895,fit
5,1896,fit
5,1898,fit
5,19,fit
5,1900,fit
5,1901,fit
5,1903,fit
5,1904,fit
5,1905,fit
5,191,fit
5,1911,fit
5,1912,fit
5,1913,fit
5,1918,inner_val
5,192,fit
5,1920,fit
5,195,fit
5,197,fit
5,2,inner_val
5,20,fit
5,203,fit
5,205,fit
5,21,fit
5,212,fit
5,213,fit
5,216,fit
5,218,fit
5,219,fit
5,22,fit
5,226,fit
5,227,inner_val
5,228,inner_val
5,229,fit
5,230,fit
5,231,fit
5,233,fit
5,234,fit
5,235,fit
5,236,fit
5,237,inner_val
5,238,inner_val
5,239,fit
5,240,fit
5,241,fit
5,242,fit
5,246,fit
5,248,fit
5,252,fit
5,255,fit
5,256,fit
5,257,fit
5,26,fit
5,260,fit
5,264,fit
5,265,fit
5,266,fit
5,267,fit
5,268,fit
5,269,fit
5,270,fit
5,271,fit
5,274,fit
5,277,fit
5,278,fit
5,28,fit
5,280,fit
5,286,fit
5,287,fit
5,290,fit
5,292,fit
5,293,fit
5,294,fit
5,296,fit
5,297,inner_val
5,298,fit
5,3,fit
5,303,fit
5,304,fit
5,305,inner_val
5,306,fit
5,308,fit
5,31,fit
5,313,fit
5,314,inner_val
5,317,fit
5,318,inner_val
5,319,fit
5,32,fit
5,320,fit
5,321,fit
5,328,fit
5,329,fit
5,33,fit
5,330,fit
5,331,fit
5,336,fit
5,337,inner_val
5,341,fit
5,344,inner_val
5,346,fit
5,347,fit
5,350,fit
5,351,inner_val
5,356,fit
5,358,fit
5,36,fit
5,361,fit
5,362,fit
5,364,fit
5,365,inner_val
5,366,fit
5,371,fit
5,372,fit
5,374,fit
5,375,inner_val
5,378,inner_val
5,38,inner_val
5,380,fit
5,382,fit
5,383,fit
5,385,fit
5,39,inner_val
5,390,fit
5,392,fit
5,394,fit
5,395,fit
5,397,fit
5,40,fit
5,402,fit
5,403,fit
5,406,fit
5,408,fit
5,41,fit
5,410,inner_val
5,413,fit
5,414,fit
5,42,fit
5,421,fit
5,426,fit
5,429,fit
5,43,fit
5,430,inner_val
5,431,fit
5,433,fit
5,44,fit
5,440,fit
5,441,fit
5,442,fit
5,443,inner_val
5,444,fit
5,449,fit
5,45,fit
5,452,fit
5,454,inner_val
5,456,fit
5,458,fit
5,46,fit
5,460,fit
5,463,fit
5,465,fit
5,466,fit
5,467,fit
5,468,fit
5,469,fit
5,47,fit
5,470,fit
5,475,fit
5,477,fit
5,478,fit
5,480,fit
5,486,fit
5,487,fit
5,489,fit
5,49,fit
5,493,fit
5,496,fit
5,498,fit
5,499,inner_val
5,5,fit
5,50,inner_val
5,500,fit
5,508,fit
5,51,inner_val
5,515,fit
5,519,fit
5,522,fit
5,527,fit
5,529,fit
5,53,fit
5,530,fit
5,531,fit
5,532,fit
5,533,fit
5,536,fit
5,54,fit
5,540,fit
5,541,fit
5,542,fit
5,548,inner_val
5,550,fit
5,553,fit
5,554,fit
5,555,fit
5,556,fit
5,557,inner_val
5,561,fit
5,562,fit
5,567,fit
5,568,fit
5,569,fit
5,571,fit
5,573,fit
5,578,fit
5,581,fit
5,582,fit
5,584,fit
5,585,inner_val
5,586,inner_val
5,59,fit
5,590,fit
5,591,fit
5,593,fit
5,594,fit
5,595,fit
5,596,fit
5,598,fit
5,599,fit
5,601,fit
5,603,fit
5,605,fit
5,608,fit
5,614,fit
5,616,fit
5,617,fit
5,618,fit
5,622,fit
5,624,fit
5,625,fit
5,626,fit
5,628,fit
5,63,fit
5,633,fit
5,634,fit
5,636,inner_val
5,637,fit
5,639,fit
5,64,fit
5,640,fit
5,641,fit
5,642,fit
5,645,fit
5,647,inner_val
5,649,fit
5,65,inner_val
5,652,fit
5,653,fit
5,654,fit
5,656,fit
5,658,fit
5,659,fit
5,66,fit
5,662,fit
5,663,fit
5,664,fit
5,666,fit
5,667,fit
5,669,fit
5,67,fit
5,673,fit
5,675,fit
5,678,fit
5,679,fit
5,680,fit
5,681,fit
5,682,fit
5,683,fit
5,684,fit
5,686,fit
5,687,fit
5,69,fit
5,690,fit
5,692,inner_val
5,693,fit
5,695,fit
5,698,fit
5,699,inner_val
5,70,fit
5,700,fit
5,704,fit
5,705,fit
5,707,fit
5,708,inner_val
5,71,fit
5,711,fit
5,712,fit
5,715,fit
5,718,fit
5,722,fit
5,723,fit
5,725,fit
5,726,inner_val
5,730,inner_val
5,733,fit
5,735,fit
5,739,fit
5,740,fit
5,741,fit
5,742,inner_val
5,743,fit
5,744,fit
5,75,fit
5,757,fit
5,758,fit
5,759,fit
5,766,fit
5,769,fit
5,776,inner_val
5,779,fit
5,785,fit
5,786,fit
5,787,fit
5,788,fit
5,789,fit
5,790,fit
5,792,inner_val
5,795,inner_val
5,797,fit
5,798,fit
5,80,inner_val
5,802,fit
5,803,fit
5,804,inner_val
5,805,fit
5,81,fit
5,812,fit
5,813,fit
5,815,fit
5,816,fit
5,817,inner_val
5,818,fit
5,821,fit
5,823,fit
5,825,fit
5,828,fit
5,829,fit
5,83,fit
5,831,fit
5,833,inner_val
5,834,fit
5,835,inner_val
5,839,fit
5,840,fit
5,841,fit
5,843,fit
5,844,fit
5,846,fit
5,85,inner_val
5,850,fit
5,852,fit
5,854,inner_val
5,855,fit
5,858,fit
5,86,fit
5,861,fit
5,862,fit
5,863,fit
5,866,inner_val
5,868,fit
5,872,fit
5,874,fit
5,876,fit
5,880,fit
5,881,fit
5,888,fit
5,889,fit
5,893,fit
5,894,fit
5,895,fit
5,896,fit
5,898,inner_val
5,899,fit
5,90,fit
5,900,fit
5,901,fit
5,903,fit
5,904,fit
5,905,fit
5,908,fit
5,91,fit
5,910,fit
5,911,fit
5,912,fit
5,916,fit
5,917,fit
5,92,fit
5,922,fit
5,924,fit
5,925,fit
5,926,fit
5,928,fit
5,93,inner_val
5,931,fit
5,934,fit
5,936,fit
5,937,fit
5,938,inner_val
5,939,fit
5,94,fit
5,940,fit
5,942,fit
5,944,inner_val
5,948,inner_val
5,949,fit
5,956,inner_val
5,958,fit
5,960,fit
5,961,inner_val
5,967,fit
5,969,fit
5,97,fit
5,972,fit
5,974,fit
5,975,fit
5,976,fit
5,98,fit
5,980,fit
5,984,fit
5,985,fit
5,988,fit
5,99,fit
5,997,fit
5,999,fit
5,aria_c_1_7,fit
5,aria_c_1_8,fit
5,aria_c_20_1,fit
5,aria_c_20_10,fit
5,aria_c_20_18,fit
5,aria_c_21_12,fit
5,aria_c_21_3,fit
5,aria_c_22_1,fit
5,aria_c_22_9,fit
5,aria_c_24_12,fit
5,aria_c_24_2,fit
5,aria_c_25_1,inner_val
5,aria_c_25_10,inner_val
5,aria_c_27_3,inner_val
5,aria_c_28_19,fit
5,aria_c_2_3,fit
5,aria_c_2_8,fit
5,aria_c_30_2,inner_val
5,aria_c_31_2,fit
5,aria_c_31_20,fit
5,aria_c_32_2,inner_val
5,aria_c_32_21,inner_val
5,aria_c_35_2,fit
5,aria_c_35_26,fit
5,aria_c_35_27,fit
5,aria_c_40_a_6,fit
5,aria_c_40_b_14,fit
5,aria_c_41_15,fit
5,aria_c_41_3,fit
5,aria_c_43_1,fit
5,aria_c_46_12,inner_val
5,aria_c_47_15,fit
5,aria_c_47_2,fit
5,aria_c_4_1,fit
5,aria_c_4_8,fit
5,aria_c_5_1,fit
5,aria_c_5_4,fit
5,aria_c_6_2,fit
5,aria_c_6_5,fit
5,aria_c_9_1,fit
5,aria_c_9_6,fit
5,aria_d_10_19,inner_val
5,aria_d_11_1,fit
5,aria_d_11_22,fit
5,aria_d_12_2,fit
5,aria_d_12_20,fit
5,aria_d_13_2,fit
5,aria_d_13_22,fit
5,aria_d_14_20,inner_val
5,aria_d_15_2,fit
5,aria_d_15_22,fit
5,aria_d_16_2,fit
5,aria_d_16_22,fit
5,aria_d_17_12,fit
5,aria_d_17_2,fit
5,aria_d_18_2,fit
5,aria_d_18_21,fit
5,aria_d_1_19,fit
5,aria_d_20_17,fit
5,aria_d_20_2,fit
5,aria_d_21_2,fit
5,aria_d_21_21,fit
5,aria_d_22_2,fit
5,aria_d_22_22,fit
5,aria_d_23_1,inner_val
5,aria_d_24_6,fit
5,aria_d_25_2,fit
5,aria_d_25_33,fit
5,aria_d_2_31,fit
5,aria_d_2_6,fit
5,aria_d_3_2,fit
5,aria_d_3_32,fit
5,aria_d_3_33,fit
5,aria_d_4_31,fit
5,aria_d_4_5,fit
5,aria_d_5_2,fit
5,aria_d_5_22,fit
5,aria_d_7_17,fit
5,aria_d_7_22,fit
5,aria_d_8_2,fit
5,aria_d_8_23,fit
5,im0001,fit
5,im0003,fit
5,im0006,fit
5,im0009,fit
5,im0015,fit
5,im0016,fit
5,im0021,inner_val
5,im0031,fit
5,im0032,inner_val
5,im0038,fit
5,im0039,inner_val
5,im0040,fit
5,im0041,fit
5,im0046,fit
5,im0050,fit
5,im0056,fit
5,im0057,fit
5,im0059,inner_val
5,im0060,fit
5,im0063,fit
5,im0065,fit
5,im0068,fit
5,im0076,fit
5,im0080,fit
5,im0081,fit
5,im0082,fit
5,im0085,fit
5,im0087,inner_val
5,im0089,fit
5,im0094,fit
5,im0096,fit
5,im0097,fit
5,im0098,fit
5,im0111,fit
5,im0113,fit
5,im0115,inner_val
5,im0116,fit
5,im0119,fit
5,im0120,inner_val
5,im0121,fit
5,im0122,fit
5,im0123,fit
5,im0125,inner_val
5,im0126,fit
5,im0127,fit
5,im0133,fit
5,im0135,fit
5,im0136,fit
5,im0137,fit
5,im0138,fit
5,im0139,fit
5,im0140,fit
5,im0141,fit
5,im0155,fit
5,im0156,fit
5,im0157,fit
5,im0162,fit
5,im0163,inner_val
5,im0170,fit
5,im0175,fit
5,im0186,fit
5,im0187,fit
5,im0189,inner_val
5,im0190,fit
5,im0193,fit
5,im0194,fit
5,im0195,fit
5,im0197,fit
5,im0198,fit
5,im0199,fit
5,im0203,fit
5,im0204,fit
5,im0205,fit
5,im0213,inner_val
5,im0216,fit
5,im0219,fit
5,im0222,fit
5,im0224,fit
5,im0225,fit
5,im0228,fit
5,im0230,fit
5,im0231,inner_val
5,im0233,fit
5,im0234,fit
5,im0235,inner_val
5,im0236,fit
5,im0237,fit
5,im0238,fit
5,im0239,fit
5,im0240,fit
5,im0241,fit
5,im0243,fit
5,im0245,fit
5,im0249,fit
5,im0250,fit
5,im0251,fit
5,im0253,fit
5,im0254,fit
5,im0255,fit
5,im0263,fit
5,im0264,fit
5,im0277,fit
5,im0282,fit
5,im0292,fit
5,im0304,inner_val
5,im0307,fit
5,im0341,fit
5,im0342,fit
5,im0343,fit
5,im0345,fit
5,im0348,fit
5,im0349,inner_val
5,im0350,fit
5,im0351,fit
5,im0352,fit
5,im0353,fit
5,im0354,fit
5,im0382,fit
5,im0401,fit
5,im0402,fit
