image_id,test_fold
(0001)aria_d_26,4
(0001)aria_d_27,4
(0003)aria_d_29,1
(0004)aria_d_28,5
(0007)aria_d_28,5
(0018)aria_d_26,4
(0024)aria_d_30,4
(0026)aria_d_27,4
(0031)aria_c_37,3
1,4
10,1
100,1
1000,5
1001,4
1002,1
1003,3
1008,1
101,4
1010,2
1011,5
1012,4
1013,2
1014,1
1015,5
1016,3
1017,1
1018,5
102,2
1022,3
1023,2
1024,2
1025,2
1026,3
1027,2
103,2
1032,4
1034,5
1035,1
1036,4
1037,1
1039,1
104,3
1040,3
1041,2
1043,2
1045,4
1046,3
1048,2
1049,5
105,1
1052,1
1053,3
1054,2
1055,5
106,2
1060,3
1061,3
1062,3
1063,5
1064,2
1065,2
1066,3
1067,1
1069,2
1070,5
1071,3
1072,5
1073,4
1074,2
1075,4
1077,4
1079,3
1082,1
1085,3
1086,3
1089,3
109,1
1090,1
1091,3
1092,5
1093,4
1096,3
1097,2
1098,4
1099,5
110,1
1100,1
1101,5
1102,5
1104,2
1105,4
1106,3
1107,5
1109,5
111,1
1110,2
1111,1
1112,1
1113,4
1117,2
1119,3
112,4
1123,4
1124,3
1126,4
1127,3
1128,2
1129,4
1130,5
1132,5
1133,2
1134,3
1135,5
1136,4
1137,1
1138,2
1139,5
114,4
1141,5
1142,4
1143,1
1144,3
1145,4
1147,5
115,2
1151,3
1153,2
1154,5
1155,5
1156,5
1157,2
1158,3
1159,5
116,2
1160,3
1161,1
1162,4
1163,5
1164,1
1165,5
1166,1
1167,1
1168,1
1169,3
117,1
1172,3
1175,5
1176,5
118,5
1180,2
1181,5
1183,2
1184,3
1185,2
1186,5
1187,1
1188,1
1189,3
119,3
1190,5
1193,5
1194,1
1195,1
1197,4
1198,2
1199,2
12,1
120,3
1200,3
1201,3
1202,1
1206,1
1207,2
1208,1
1209,1
1214,4
1215,2
1216,3
1219,4
122,2
1220,4
1222,4
1223,5
1224,1
1225,3
1226,2
1227,2
123,1
1231,4
1232,2
1234,1
1237,5
1238,2
1239,3
124,4
1240,2
1241,2
1242,1
1244,1
1245,5
1247,1
125,1
1250,1
1251,2
1252,1
1254,5
1255,3
1257,4
1258,4
126,3
1261,5
1262,1
1263,2
1264,4
1265,1
1267,3
1271,5
1272,4
1273,4
1274,1
1275,5
1276,1
1277,2
1280,3
1281,2
1283,2
1284,4
1286,5
1290,3
1292,5
1295,5
1296,5
1297,5
1299,4
13,1
130,5
1300,4
1301,3
1302,5
1303,3
1305,3
1306,2
1307,2
1308,5
1309,5
131,3
1310,5
1311,3
1312,2
1313,4
1314,1
1316,4
1318,5
1319,2
132,1
1320,2
1321,2
1322,1
1323,2
1324,4
1325,1
1326,4
1327,2
1329,4
1330,3
1331,2
1332,5
1333,1
1334,1
1335,1
1336,4
1337,2
134,4
1340,4
1346,5
1347,2
1348,3
1349,3
135,4
1350,1
1351,2
1352,1
1353,3
1354,2
1355,1
1356,5
1357,1
1358,3
1359,4
1362,2
1363,3
1364,3
1365,1
1368,2
1369,2
1370,5
1372,2
1373,3
1374,1
1375,4
1376,3
1377,4
1378,3
1379,2
138,3
1380,1
1381,2
1382,3
1383,5
1384,2
1385,5
1386,1
1387,1
1388,5
139,1
1391,5
1392,1
1393,5
1394,3
1395,2
1396,2
1397,2
1398,1
1399,5
14,2
1400,3
1401,3
1402,4
1403,4
1404,2
1406,2
1408,1
1409,1
1410,5
1411,3
1412,2
1413,1
1414,1
1415,5
1416,2
1417,1
1418,1
1419,3
1420,1
1429,5
143,1
1431,1
1433,4
1435,4
1436,4
1437,5
144,4
1444,5
1448,2
1449,3
145,2
1450,2
1451,1
1452,3
1453,4
1454,5
1455,4
1456,1
1457,2
146,3
1462,4
1463,5
1464,2
1465,2
1466,2
1467,1
1468,4
1471,2
1472,5
1473,1
1474,2
1475,1
1476,4
1477,1
1478,4
148,4
1481,4
1482,5
1484,1
1485,1
1486,2
1487,4
1488,5
1491,1
1493,2
1495,4
1497,5
1498,4
1499,3
15,4
1502,1
1503,3
1504,3
1505,4
1506,1
1507,5
1508,1
1509,4
151,5
1510,1
1512,4
1514,2
1515,3
1516,5
1517,2
1518,5
1519,1
152,1
1522,5
1523,5
1524,2
1525,3
1526,2
1529,4
153,2
1530,2
1533,5
1534,1
1535,4
1537,3
1538,3
1539,2
154,5
1541,4
1542,4
1543,3
1544,5
1545,4
1546,1
1548,5
1549,1
1550,3
1551,4
1553,4
1554,3
1555,2
1558,3
156,2
1561,5
1562,5
1563,5
1564,2
1565,1
1569,5
1570,5
1582,5
1584,5
1586,4
1587,4
1588,1
159,3
1591,2
1593,2
1594,4
1596,4
1597,2
16,3
160,4
1601,1
1602,1
1603,5
1604,3
1608,5
1610,5
1612,2
1614,4
1616,1
1623,3
1624,2
1626,3
1627,5
1628,5
1629,2
1636,1
1637,1
1638,5
1639,1
1640,3
1642,1
1643,5
1644,1
1645,4
1646,4
1647,1
1649,2
165,4
1650,4
1654,3
1657,5
1659,5
166,3
1660,4
1661,1
1662,4
1663,3
1665,5
1666,2
1667,2
1668,3
167,3
1670,4
1674,1
1675,3
1681,4
1682,1
1684,2
1687,1
1689,4
1690,3
1691,3
1693,1
1695,1
1696,2
1699,1
17,1
170,4
1701,4
1703,4
1704,4
1705,5
1706,2
1707,5
1708,1
1709,3
171,4
1714,4
1715,4
1716,5
1717,3
1719,1
1726,4
1727,4
1728,5
1729,5
1730,5
1731,5
1732,1
1733,4
1734,5
1735,1
1736,4
1737,4
1738,1
1740,1
1741,2
1742,2
1743,4
1744,4
1745,5
1746,3
1747,4
1748,5
175,5
1750,3
1751,5
1752,1
1753,5
1754,5
1755,5
1756,4
1757,5
1759,3
1760,1
1761,5
1762,1
1763,3
1764,1
1765,5
1766,4
1767,4
1768,4
1769,2
177,3
1770,2
1771,4
1772,4
1773,3
1774,3
1775,5
1776,1
1777,3
1778,1
1779,3
178,2
1780,1
1781,3
1782,5
1783,1
1784,4
1785,1
1786,1
1787,3
1788,1
1789,3
179,4
1790,1
1791,3
1792,3
1793,4
1794,4
1795,2
1796,4
1797,3
1798,4
18,2
1800,4
1801,3
1802,2
1803,4
1804,4
1805,5
1806,5
1807,5
1808,4
1809,1
181,4
1810,2
1811,3
1812,1
1813,3
1814,3
1815,3
1816,4
1817,2
1818,5
1819,1
182,5
1820,4
1821,5
1822,2
1823,1
1824,4
1825,2
1826,1
1827,2
1828,2
1829,1
1830,4
1832,4
1833,2
1834,4
1835,5
1836,1
1837,4
1838,2
1839,5
184,2
1840,5
1841,1
1842,1
1843,5
1844,4
1845,5
1846,1
1847,5
1848,4
1849,1
185,1
1850,4
1852,3
1853,4
1854,5
1855,5
1856,3
1857,3
1858,5
1859,5
1860,4
1861,4
1862,3
1863,1
1864,1
1865,5
1867,5
1868,3
1869,1
187,5
1870,1
1871,2
1872,1
1873,2
1874,3
1875,4
1876,1
1877,1
1878,5
1879,4
1880,3
1881,1
1882,1
1883,5
1884,1
1885,2
1886,5
1888,2
1889,4
189,3
1890,3
1893,2
1894,5
1895,3
1896,3
1897,5
1898,2
1899,5
19,3
190,5
1900,2
1901,2
1902,5
1903,2
1904,2
1905,1
191,3
1911,1
1912,3
1913,3
1917,5
1918,4
1919,5
192,3
1920,3
195,1
196,5
197,3
2,1
20,2
202,5
203,2
205,2
206,5
209,5
21,2
212,4
213,4
214,5
215,5
216,3
217,5
218,2
219,4
22,2
226,1
227,4
228,3
229,1
23,5
230,2
231,3
233,3
234,3
235,1
236,3
237,2
238,1
239,2
240,1
241,3
242,4
246,3
248,3
252,4
253,5
255,3
256,1
257,2
258,5
26,3
260,3
263,5
264,3
265,1
266,2
267,4
268,2
269,3
270,4
271,4
273,5
274,3
277,3
278,1
279,5
28,1
280,3
284,5
285,5
286,2
287,2
288,5
290,2
292,4
293,3
294,4
295,5
296,3
297,4
298,1
3,3
303,3
304,1
305,3
306,3
308,4
31,1
313,3
314,1
317,1
318,1
319,4
32,1
320,3
321,1
325,5
328,3
329,4
33,3
330,2
331,1
336,3
337,1
339,5
341,3
343,5
344,1
346,1
347,1
350,2
351,2
356,3
358,3
36,1
361,1
362,4
363,5
364,4
365,4
366,2
367,5
37,5
371,1
372,2
374,3
375,1
378,1
379,5
38,4
380,3
382,1
383,3
385,4
39,1
390,3
392,4
394,4
395,2
397,3
40,2
402,2
403,2
406,3
408,2
41,2
410,2
413,2
414,1
42,4
420,5
421,2
426,1
429,4
43,4
430,2
431,2
433,2
434,5
435,5
44,4
440,3
441,3
442,2
443,1
444,2
446,5
449,4
45,4
452,1
454,4
456,1
458,3
46,3
460,4
462,5
463,4
465,4
466,1
467,1
468,2
469,3
47,2
470,2
473,5
475,4
476,5
477,2
478,3
479,5
48,5
480,3
482,5
486,2
487,4
489,3
49,4
492,5
493,4
496,3
497,5
498,3
499,1
5,2
50,1
500,3
508,2
51,2
515,4
519,3
52,5
522,4
523,5
524,5
527,2
529,2
53,3
530,4
531,3
532,1
533,1
536,4
537,5
538,5
539,5
54,2
540,2
541,3
542,1
548,4
550,2
551,5
553,3
554,2
555,4
556,3
557,3
560,5
561,4
562,2
563,5
567,1
568,4
569,3
571,3
572,5
573,2
574,5
578,3
579,5
581,3
582,4
583,5
584,2
585,1
586,4
59,3
590,1
591,2
593,2
594,4
595,2
596,4
598,3
599,2
601,3
603,2
604,5
605,4
607,5
608,4
61,5
613,5
614,1
615,5
616,3
617,2
618,3
62,5
622,2
624,4
625,4
626,1
628,3
63,1
633,2
634,3
635,5
636,2
637,3
639,3
64,2
640,1
641,3
642,4
645,3
646,5
647,2
649,2
65,1
651,5
652,2
653,4
654,2
656,2
658,4
659,3
66,3
662,1
663,3
664,4
666,2
667,4
668,5
669,2
67,1
673,2
674,5
675,3
676,5
677,5
678,3
679,1
68,5
680,1
681,2
682,3
683,3
684,2
685,5
686,4
687,2
69,3
690,4
692,2
693,3
695,3
698,3
699,1
70,3
700,3
701,5
703,5
704,3
705,3
706,5
707,3
708,1
71,2
710,5
711,2
712,4
713,5
715,3
718,4
722,1
723,3
724,5
725,1
726,2
728,5
729,5
730,2
732,5
733,3
735,2
739,1
740,2
741,1
742,4
743,3
744,4
75,4
757,4
758,4
759,2
765,5
766,4
769,1
776,4
779,4
78,5
781,5
785,2
786,4
787,1
788,3
789,2
790,1
792,4
793,5
794,5
795,3
797,1
798,2
80,3
800,5
801,5
802,2
803,4
804,1
805,1
81,2
812,3
813,4
815,3
816,3
817,4
818,4
821,4
822,5
823,3
824,5
825,1
826,5
827,5
828,2
829,1
83,1
831,1
833,2
834,4
835,3
839,2
840,4
841,4
842,5
843,2
844,1
846,3
85,1
850,3
852,4
854,3
855,2
858,1
859,5
86,3
861,4
862,2
863,2
866,2
868,3
872,1
874,3
876,3
88,5
880,2
881,4
883,5
885,5
888,2
889,1
893,1
894,4
895,2
896,4
898,4
899,3
90,1
900,2
901,4
903,3
904,4
905,4
908,2
91,4
910,3
911,1
912,2
916,4
917,1
92,2
921,5
922,1
924,2
925,4
926,2
928,1
93,2
931,4
934,4
936,4
937,1
938,1
939,2
94,2
940,4
941,5
942,2
944,4
947,5
948,1
949,2
950,5
956,4
958,3
960,3
961,4
965,5
967,1
969,4
97,2
972,4
973,5
974,3
975,2
976,2
98,2
980,1
983,5
984,4
985,1
988,4
99,4
997,3
999,4
aria_c_1_7,3
aria_c_1_8,3
aria_c_20_1,1
aria_c_20_10,1
aria_c_20_18,1
aria_c_21_12,2
aria_c_21_3,2
aria_c_22_1,2
aria_c_22_9,2
aria_c_23_23,5
aria_c_23_4,5
aria_c_24_12,1
aria_c_24_2,1
aria_c_25_1,3
aria_c_25_10,3
aria_c_26_15,5
aria_c_26_2,5
aria_c_27_3,2
aria_c_28_19,4
aria_c_2_3,1
aria_c_2_8,1
aria_c_30_2,3
aria_c_31_2,2
aria_c_31_20,2
aria_c_32_2,1
aria_c_32_21,1
aria_c_34_1,5
aria_c_35_2,2
aria_c_35_26,2
aria_c_35_27,2
aria_c_36_4,5
aria_c_36_44,5
aria_c_38_2,5
aria_c_38_42,5
aria_c_39_a_10,5
aria_c_40_a_6,1
aria_c_40_b_14,1
aria_c_41_15,3
aria_c_41_3,3
aria_c_43_1,2
aria_c_44_12,5
aria_c_44_3,5
aria_c_45_12,5
aria_c_45_2,5
aria_c_46_12,1
aria_c_47_15,2
aria_c_47_2,2
aria_c_4_1,3
aria_c_4_8,3
aria_c_5_1,2
aria_c_5_4,2
aria_c_6_2,4
aria_c_6_5,4
aria_c_7_2,5
aria_c_9_1,4
aria_c_9_6,4
aria_d_10_19,1
aria_d_11_1,3
aria_d_11_22,3
aria_d_12_2,3
aria_d_12_20,3
aria_d_13_2,4
aria_d_13_22,4
aria_d_14_20,2
aria_d_15_2,2
aria_d_15_22,2
aria_d_16_2,4
aria_d_16_22,4
aria_d_17_12,3
aria_d_17_2,3
aria_d_18_2,2
aria_d_18_21,2
aria_d_1_19,3
aria_d_20_17,4
aria_d_20_2,4
aria_d_21_2,3
aria_d_21_21,3
aria_d_22_2,2
aria_d_22_22,2
aria_d_23_1,3
aria_d_24_6,4
aria_d_25_2,1
aria_d_25_33,1
aria_d_2_31,1
aria_d_2_6,1
aria_d_3_2,4
aria_d_3_32,4
aria_d_3_33,4
aria_d_4_31,1
aria_d_4_5,1
aria_d_5_2,4
aria_d_5_22,4
aria_d_6_11,5
aria_d_6_3,5
aria_d_7_17,1
aria_d_7_22,1
aria_d_8_2,3
aria_d_8_23,3
aria_d_9_24,5
aria_d_9_3,5
im0001,2
im0003,1
im0006,1
im0009,1
im0012,5
im0015,4
im0016,4
im0021,3
im0030,5
im0031,4
im0032,3
im0038,1
im0039,4
im0040,1
im0041,2
im0046,4
im0050,3
im0056,4
im0057,2
im0058,5
im0059,2
im0060,1
im0063,2
im0065,1
im0068,1
im0069,5
im0070,5
im0076,3
im0077,5
im0080,2
im0081,1
im0082,4
im0085,3
im0087,3
im0089,3
im0094,1
im0096,2
im0097,4
im0098,2
im0111,2
im0113,1
im0114,5
im0115,4
im0116,4
im0117,5
im0118,5
im0119,3
im0120,1
im0121,1
im0122,3
im0123,3
im0124,5
im0125,1
im0126,4
im0127,4
im0133,2
im0134,5
im0135,2
im0136,1
im0137,4
im0138,4
im0139,4
im0140,1
im0141,2
im0155,4
im0156,3
im0157,1
im0162,2
im0163,4
im0170,4
im0175,3
im0179,5
im0184,5
im0186,3
im0187,4
im0188,5
im0189,1
im0190,3
im0191,5
im0192,5
im0193,3
im0194,1
im0195,3
im0196,5
im0197,3
im0198,3
im0199,2
im0203,4
im0204,1
im0205,3
im0213,4
im0216,1
im0219,4
im0222,1
im0223,5
im0224,2
im0225,4
im0228,3
im0229,5
im0230,3
im0231,1
im0232,5
im0233,1
im0234,4
im0235,2
im0236,2
im0237,3
im0238,2
im0239,2
im0240,4
im0241,2
im0242,5
im0243,3
im0245,2
im0247,5
im0249,2
im0250,4
im0251,4
im0252,5
im0253,4
im0254,2
im0255,3
im0262,5
im0263,2
im0264,1
im0265,5
im0266,5
im0277,4
im0282,1
im0292,2
im0304,3
im0307,3
im0340,5
im0341,1
im0342,3
im0343,2
im0345,2
im0347,5
im0348,1
im0349,4
im0350,1
im0351,1
im0352,2
im0353,3
im0354,2
im0356,5
im0381,5
im0382,2
im0401,3
im0402,3
