run_id,cell,fold,test_macro_auc,auc_DR,auc_NORMAL,auc_ODC,auc_MH,auc_DN,macro_f1,weighted_f1,hamming_loss,exact_match,warmup_epochs_run,finetune_best_epoch,trainable_parameters,wall_seconds,peak_gpu_gb
p2_A_f1_s42_n1044,A,1,0.9173953160649251,0.9359169585300239,0.9281306715063521,0.9530612244897959,0.9760472370766489,0.7938204887218046,0.7024102616162547,0.7589533313745728,0.11610738255033556,0.6308724832214765,15,38,741162,477.6,0.6
p2_A_f2_s42_n1044,A,2,0.9016282090212805,0.9460433480533983,0.9255357142857142,0.9074030644152595,0.9588346702317291,0.7703242481203008,0.6853565744600227,0.7432896299103194,0.11879194630872483,0.6409395973154363,15,27,741162,495.2,0.6
p2_A_f3_s42_n1044,A,3,0.8984769803824415,0.9369828942693265,0.9156335573811302,0.8927993839045052,0.9383355614973262,0.8086335048599199,0.6257675372324567,0.691444532447357,0.12818791946308725,0.6409395973154363,15,47,741162,528.2,0.6
p2_A_f4_s42_n1044,A,4,0.9155027159839229,0.9564996700675092,0.947984693877551,0.9296495956873315,0.95950311942959,0.7838765008576329,0.691007159776771,0.747559158044479,0.13758389261744966,0.5335570469798657,15,5,741162,523.1,0.6
p2_A_f5_s42_n1044,A,5,0.9113768314172116,0.931690643811856,0.9041424344454647,0.907967032967033,0.9355486685032139,0.8775353773584905,0.7029759387017888,0.7407438029348445,0.10841750841750841,0.6666666666666666,15,36,741162,525.8,0.6
p2_B_f1_s42_n1044,B,1,0.905155589889706,0.9244708390437034,0.9014000518537724,0.9525606469002695,0.9646278966131907,0.7827185150375939,0.6354017985635837,0.7015460381686727,0.1261744966442953,0.6208053691275168,15,18,740181,520.0,0.6
p2_B_f2_s42_n1044,B,2,0.8947323929303043,0.9433277498604131,0.9228826530612245,0.8802767354596623,0.9564393939393939,0.7707354323308271,0.6571065150388459,0.7229540249303944,0.1268456375838926,0.6140939597315436,15,24,740181,532.3,0.6
p2_B_f3_s42_n1044,B,3,0.8869117210526228,0.9339119841632404,0.9129698780184217,0.8773199845976126,0.9477495543672014,0.7626072041166381,0.6521641593700417,0.7076403638378429,0.12953020134228188,0.610738255033557,15,31,740181,534.9,0.6
p2_B_f4_s42_n1044,B,4,0.9030375372047332,0.951576062128826,0.9440051020408163,0.9148247978436658,0.9596702317290553,0.7451114922813036,0.6581401122214444,0.7258037333254439,0.15906040268456376,0.46308724832214765,15,5,740181,529.1,0.6
p2_B_f5_s42_n1044,B,5,0.8862986631442077,0.9301601877359453,0.8977145189266401,0.8531789638932497,0.9214302112029384,0.8290094339622641,0.6465368221427357,0.6917695841955571,0.13602693602693602,0.6094276094276094,15,24,740181,534.0,0.6
p2_C_f1_s42_n1044,C,1,0.9299554616947422,0.9476676310847165,0.940212600466684,0.9700423565652676,0.9692513368983957,0.8226033834586466,0.6780729898698039,0.7438218128145991,0.0959731543624161,0.6677852348993288,15,9,839574,552.2,0.61
p2_C_f2_s42_n1044,C,2,0.9151331655050867,0.9564742906451449,0.9223724489795918,0.91635397123202,0.9691399286987522,0.8113251879699248,0.6698128235762644,0.7284658613212974,0.12013422818791947,0.6375838926174496,15,16,839574,552.1,0.61
p2_C_f3_s42_n1044,C,3,0.9008951369365666,0.9408151870463428,0.9276076674134927,0.9141316904120138,0.9298685383244206,0.7920526014865638,0.669967937948865,0.7280154828005784,0.11812080536912752,0.6510067114093959,15,34,839574,553.3,0.61
p2_C_f4_s42_n1044,C,4,0.9111289981185795,0.9442160296431653,0.9271938775510205,0.937081247593377,0.9529857397504456,0.7941680960548885,0.6746306938824296,0.7314172564553489,0.13087248322147652,0.5637583892617449,15,16,839574,545.7,0.61
p2_C_f5_s42_n1044,C,5,0.9085007200723835,0.9379400061218243,0.9041424344454647,0.909105180533752,0.9359504132231405,0.8553655660377358,0.6625934723171565,0.7116379124217471,0.12121212121212122,0.6531986531986532,15,51,839574,546.2,0.61
p2_D_f1_s42_n1044,D,1,0.9124466399018972,0.9346226079894422,0.9142597873995333,0.9502502887947631,0.9482508912655971,0.8148496240601504,0.6686206891232394,0.7268673772096119,0.10738255033557047,0.6845637583892618,15,38,838593,534.9,0.61
p2_D_f2_s42_n1044,D,2,0.9012183363178113,0.9450789300035531,0.9198724489795919,0.8708567854909318,0.9619540998217468,0.808329417293233,0.6572108001954593,0.7203347957572656,0.13557046979865772,0.5771812080536913,15,23,838593,533.2,0.61
p2_D_f3_s42_n1044,D,3,0.9010787051444407,0.9512968884828181,0.9174757281553398,0.8964189449364651,0.9369429590017825,0.8032590051457976,0.6461473702672824,0.7117372555267014,0.13087248322147652,0.5906040268456376,15,38,838593,534.4,0.61
p2_D_f4_s42_n1044,D,4,0.9065069603693867,0.9544439368559972,0.937984693877551,0.9115902964959569,0.9702540106951871,0.7582618639222413,0.6813147056254734,0.7446831766590892,0.138255033557047,0.5369127516778524,15,5,838593,536.6,0.61
p2_D_f5_s42_n1044,D,5,0.908993029660554,0.9414600550964187,0.9030966227935925,0.8777472527472527,0.9389348025711662,0.8837264150943396,0.654023613746278,0.7003792688743288,0.12390572390572391,0.6195286195286195,15,48,838593,499.4,0.61
p2_E_f1_s42_n1044,E,1,0.921438752213791,0.9455357596061114,0.9302826030593726,0.953446284174047,0.9682486631016043,0.8096804511278195,0.7062664771969057,0.7581486601173736,0.11409395973154363,0.6342281879194631,15,21,839658,463.7,0.61
p2_E_f2_s42_n1044,E,2,0.9101064945546231,0.9488350845134764,0.9353826530612245,0.9145559724828017,0.9558823529411765,0.7958764097744361,0.6746479183898539,0.7312650710500174,0.13221476510067115,0.5704697986577181,15,13,839658,510.6,0.61
p2_E_f3_s42_n1044,E,3,0.8922722850157665,0.9360438556418456,0.9027134677620114,0.8914131690412014,0.9295900178253119,0.801600914808462,0.6567434388397828,0.7174759070402338,0.13758389261744966,0.5939597315436241,15,46,839658,540.4,0.61
p2_E_f4_s42_n1044,E,4,0.911757244428754,0.9547738693467337,0.9439795918367347,0.9361956103195995,0.9612299465240641,0.7626072041166381,0.67653372168431,0.7442833933543139,0.10671140939597315,0.6308724832214765,15,5,839658,520.8,0.61
p2_E_f5_s42_n1044,E,5,0.9108966338125347,0.940210182634425,0.9075604530149984,0.9073783359497645,0.918732782369146,0.8806014150943396,0.6781703839370067,0.7315199841779498,0.12121212121212122,0.6262626262626263,15,17,839658,496.0,0.61
p2_F_f1_s42_n1044,F,1,0.9266413852231427,0.9487081874016547,0.9226341716359865,0.9654986522911051,0.9791666666666666,0.8171992481203008,0.6679713359187197,0.7289617084484661,0.1,0.6711409395973155,15,11,838677,524.1,0.61
p2_F_f2_s42_n1044,F,2,0.9032869031780191,0.9519059946195625,0.9286479591836735,0.893136335209506,0.9596145276292335,0.7831296992481203,0.6498280437724654,0.7163228739609673,0.12751677852348994,0.5939597315436241,15,16,838677,519.6,0.61
p2_F_f3_s42_n1044,F,3,0.8954817716569755,0.941703466829095,0.9080408264874285,0.8790527531767424,0.9302584670231729,0.8183533447684391,0.6534079634913799,0.6993117597786774,0.13288590604026845,0.6006711409395973,15,36,838677,498.4,0.61
p2_F_f4_s42_n1044,F,4,0.9077158689024165,0.9506370235013452,0.9247448979591837,0.909819021948402,0.9705882352941176,0.7827901658090337,0.680459505783584,0.7238168545256396,0.13355704697986578,0.5771812080536913,15,20,838677,518.7,0.61
p2_F_f5_s42_n1044,F,5,0.9035450343447261,0.9408223650647893,0.9062595653504745,0.8620486656200942,0.9229224058769513,0.8856721698113208,0.6511755631565312,0.6983705496117513,0.1292929292929293,0.6026936026936027,15,93,838677,511.2,0.61
p2_probe_f1_s42_n1044,probe,1,0.8974032423904525,0.9260951220750215,0.9303603837179155,0.9074316519060455,0.9638480392156863,0.7592810150375939,0.6228872756172859,0.6852060132088013,0.13758389261744966,0.5503355704697986,15,73,10245,422.1,0.59
p2_probe_f2_s42_n1044,probe,2,0.8642870386208671,0.9204101314654078,0.9103061224489796,0.8341932457786116,0.9442959001782532,0.7122297932330827,0.5830716565439584,0.6529360231156569,0.19932885906040268,0.35906040268456374,15,74,10245,424.2,0.59
p2_probe_f3_s42_n1044,probe,3,0.8723844918893947,0.9187350895893609,0.876823500124471,0.8539853677319985,0.946969696969697,0.7654088050314466,0.5811365049416772,0.649657601316742,0.16711409395973154,0.4798657718120805,15,64,10245,418.4,0.59
p2_probe_f4_s42_n1044,probe,4,0.8862572963169081,0.9439622354195218,0.9160969387755102,0.8748941085868309,0.9569964349376114,0.7393367638650657,0.630838844362288,0.6921171223719597,0.15570469798657718,0.49328859060402686,15,87,10245,428.3,0.59
p2_probe_f5_s42_n1044,probe,5,0.8896288602990392,0.9453627180899908,0.8866697275788185,0.8797880690737834,0.9136822773186409,0.8226415094339623,0.6201883649101216,0.6745507793748379,0.14814814814814814,0.5117845117845118,15,61,10245,420.4,0.59
