run_id,status,finished_utc,wall_seconds,peak_gpu_bytes,best_inner_macro_auc,error,definitions_sha256,notebook_sha256,gpu
p2_A_f1_s42_n1044,success,2026-08-23T21:49:35Z,477.6,603970560,0.9203576703460106,,cfcf3a434b8e82ce21ef86fdf1f548d338cab1ee53a6fd1d81d91bdf8d89a813,be09d67575ac683b87f700cc8ae428ea645c292d0d8c304416428b2a0cb5d514,NVIDIA A100-SXM4-80GB
p2_A_f2_s42_n1044,success,2026-08-23T21:57:51Z,495.2,603970560,0.9335178967533247,,cfcf3a434b8e82ce21ef86fdf1f548d338cab1ee53a6fd1d81d91bdf8d89a813,be09d67575ac683b87f700cc8ae428ea645c292d0d8c304416428b2a0cb5d514,NVIDIA A100-SXM4-80GB
p2_A_f3_s42_n1044,success,2026-08-23T22:06:39Z,528.2,603970560,0.9447289340836168,,cfcf3a434b8e82ce21ef86fdf1f548d338cab1ee53a6fd1d81d91bdf8d89a813,be09d67575ac683b87f700cc8ae428ea645c292d0d8c304416428b2a0cb5d514,NVIDIA A100-SXM4-80GB
p2_A_f4_s42_n1044,success,2026-08-23T22:15:23Z,523.1,603970560,0.9196666754568931,,cfcf3a434b8e82ce21ef86fdf1f548d338cab1ee53a6fd1d81d91bdf8d89a813,be09d67575ac683b87f700cc8ae428ea645c292d0d8c304416428b2a0cb5d514,NVIDIA A100-SXM4-80GB
p2_A_f5_s42_n1044,success,2026-08-23T22:24:10Z,525.8,603970560,0.9385856330461497,,cfcf3a434b8e82ce21ef86fdf1f548d338cab1ee53a6fd1d81d91bdf8d89a813,be09d67575ac683b87f700cc8ae428ea645c292d0d8c304416428b2a0cb5d514,NVIDIA A100-SXM4-80GB
p2_B_f1_s42_n1044,success,2026-08-23T22:32:50Z,520.0,603962368,0.9146485072382966,,cfcf3a434b8e82ce21ef86fdf1f548d338cab1ee53a6fd1d81d91bdf8d89a813,be09d67575ac683b87f700cc8ae428ea645c292d0d8c304416428b2a0cb5d514,NVIDIA A100-SXM4-80GB
p2_B_f2_s42_n1044,success,2026-08-23T22:41:44Z,532.3,603962368,0.9267046292918117,,cfcf3a434b8e82ce21ef86fdf1f548d338cab1ee53a6fd1d81d91bdf8d89a813,be09d67575ac683b87f700cc8ae428ea645c292d0d8c304416428b2a0cb5d514,NVIDIA A100-SXM4-80GB
p2_B_f3_s42_n1044,success,2026-08-23T22:50:39Z,534.9,603962368,0.9306824744275719,,cfcf3a434b8e82ce21ef86fdf1f548d338cab1ee53a6fd1d81d91bdf8d89a813,be09d67575ac683b87f700cc8ae428ea645c292d0d8c304416428b2a0cb5d514,NVIDIA A100-SXM4-80GB
p2_B_f4_s42_n1044,success,2026-08-23T22:59:29Z,529.1,603962368,0.9106299328923502,,cfcf3a434b8e82ce21ef86fdf1f548d338cab1ee53a6fd1d81d91bdf8d89a813,be09d67575ac683b87f700cc8ae428ea645c292d0d8c304416428b2a0cb5d514,NVIDIA A100-SXM4-80GB
p2_B_f5_s42_n1044,success,2026-08-23T23:08:24Z,534.0,603962368,0.9254941431023351,,cfcf3a434b8e82ce21ef86fdf1f548d338cab1ee53a6fd1d81d91bdf8d89a813,be09d67575ac683b87f700cc8ae428ea645c292d0d8c304416428b2a0cb5d514,NVIDIA A100-SXM4-80GB
p2_C_f1_s42_n1044,success,2026-08-23T23:17:37Z,552.2,605592576,0.9184919357781623,,cfcf3a434b8e82ce21ef86fdf1f548d338cab1ee53a6fd1d81d91bdf8d89a813,be09d67575ac683b87f700cc8ae428ea645c292d0d8c304416428b2a0cb5d514,NVIDIA A100-SXM4-80GB
p2_C_f2_s42_n1044,success,2026-08-23T23:26:50Z,552.1,605592576,0.939879527367836,,cfcf3a434b8e82ce21ef86fdf1f548d338cab1ee53a6fd1d81d91bdf8d89a813,be09d67575ac683b87f700cc8ae428ea645c292d0d8c304416428b2a0cb5d514,NVIDIA A100-SXM4-80GB
p2_C_f3_s42_n1044,success,2026-08-23T23:36:04Z,553.3,605592576,0.9486098387925683,,cfcf3a434b8e82ce21ef86fdf1f548d338cab1ee53a6fd1d81d91bdf8d89a813,be09d67575ac683b87f700cc8ae428ea645c292d0d8c304416428b2a0cb5d514,NVIDIA A100-SXM4-80GB
p2_C_f4_s42_n1044,success,2026-08-23T23:45:10Z,545.7,605592576,0.9126736708403183,,cfcf3a434b8e82ce21ef86fdf1f548d338cab1ee53a6fd1d81d91bdf8d89a813,be09d67575ac683b87f700cc8ae428ea645c292d0d8c304416428b2a0cb5d514,NVIDIA A100-SXM4-80GB
p2_C_f5_s42_n1044,success,2026-08-23T23:54:17Z,546.2,605592576,0.9322258127151715,,cfcf3a434b8e82ce21ef86fdf1f548d338cab1ee53a6fd1d81d91bdf8d89a813,be09d67575ac683b87f700cc8ae428ea645c292d0d8c304416428b2a0cb5d514,NVIDIA A100-SXM4-80GB
p2_D_f1_s42_n1044,success,2026-08-24T00:03:12Z,534.9,605584384,0.9132798902796526,,cfcf3a434b8e82ce21ef86fdf1f548d338cab1ee53a6fd1d81d91bdf8d89a813,be09d67575ac683b87f700cc8ae428ea645c292d0d8c304416428b2a0cb5d514,NVIDIA A100-SXM4-80GB
p2_D_f2_s42_n1044,success,2026-08-24T00:12:06Z,533.2,605584384,0.9310293196735288,,cfcf3a434b8e82ce21ef86fdf1f548d338cab1ee53a6fd1d81d91bdf8d89a813,be09d67575ac683b87f700cc8ae428ea645c292d0d8c304416428b2a0cb5d514,NVIDIA A100-SXM4-80GB
p2_D_f3_s42_n1044,success,2026-08-24T00:21:01Z,534.4,605584384,0.9412897944719896,,cfcf3a434b8e82ce21ef86fdf1f548d338cab1ee53a6fd1d81d91bdf8d89a813,be09d67575ac683b87f700cc8ae428ea645c292d0d8c304416428b2a0cb5d514,NVIDIA A100-SXM4-80GB
p2_D_f4_s42_n1044,success,2026-08-24T00:29:59Z,536.6,605584384,0.9124876444190582,,cfcf3a434b8e82ce21ef86fdf1f548d338cab1ee53a6fd1d81d91bdf8d89a813,be09d67575ac683b87f700cc8ae428ea645c292d0d8c304416428b2a0cb5d514,NVIDIA A100-SXM4-80GB
p2_D_f5_s42_n1044,success,2026-08-24T00:38:19Z,499.4,605584384,0.9269177713450858,,cfcf3a434b8e82ce21ef86fdf1f548d338cab1ee53a6fd1d81d91bdf8d89a813,be09d67575ac683b87f700cc8ae428ea645c292d0d8c304416428b2a0cb5d514,NVIDIA A100-SXM4-80GB
p2_E_f1_s42_n1044,success,2026-08-24T00:46:03Z,463.7,605543424,0.9190915751437162,,cfcf3a434b8e82ce21ef86fdf1f548d338cab1ee53a6fd1d81d91bdf8d89a813,be09d67575ac683b87f700cc8ae428ea645c292d0d8c304416428b2a0cb5d514,NVIDIA A100-SXM4-80GB
p2_E_f2_s42_n1044,success,2026-08-24T00:54:35Z,510.6,605543424,0.9326505142442221,,cfcf3a434b8e82ce21ef86fdf1f548d338cab1ee53a6fd1d81d91bdf8d89a813,be09d67575ac683b87f700cc8ae428ea645c292d0d8c304416428b2a0cb5d514,NVIDIA A100-SXM4-80GB
p2_E_f3_s42_n1044,success,2026-08-24T01:03:36Z,540.4,605543424,0.946667966933324,,cfcf3a434b8e82ce21ef86fdf1f548d338cab1ee53a6fd1d81d91bdf8d89a813,be09d67575ac683b87f700cc8ae428ea645c292d0d8c304416428b2a0cb5d514,NVIDIA A100-SXM4-80GB
p2_E_f4_s42_n1044,success,2026-08-24T01:12:17Z,520.8,605543424,0.9160862846720272,,cfcf3a434b8e82ce21ef86fdf1f548d338cab1ee53a6fd1d81d91bdf8d89a813,be09d67575ac683b87f700cc8ae428ea645c292d0d8c304416428b2a0cb5d514,NVIDIA A100-SXM4-80GB
p2_E_f5_s42_n1044,success,2026-08-24T01:20:34Z,496.0,605543424,0.9394017222681053,,cfcf3a434b8e82ce21ef86fdf1f548d338cab1ee53a6fd1d81d91bdf8d89a813,be09d67575ac683b87f700cc8ae428ea645c292d0d8c304416428b2a0cb5d514,NVIDIA A100-SXM4-80GB
p2_F_f1_s42_n1044,success,2026-08-24T01:29:19Z,524.1,605535232,0.9161213978610541,,cfcf3a434b8e82ce21ef86fdf1f548d338cab1ee53a6fd1d81d91bdf8d89a813,be09d67575ac683b87f700cc8ae428ea645c292d0d8c304416428b2a0cb5d514,NVIDIA A100-SXM4-80GB
p2_F_f2_s42_n1044,success,2026-08-24T01:37:59Z,519.6,605535232,0.9288810824538022,,cfcf3a434b8e82ce21ef86fdf1f548d338cab1ee53a6fd1d81d91bdf8d89a813,be09d67575ac683b87f700cc8ae428ea645c292d0d8c304416428b2a0cb5d514,NVIDIA A100-SXM4-80GB
p2_F_f3_s42_n1044,success,2026-08-24T01:50:58Z,498.4,605535232,0.9384203998760287,,cfcf3a434b8e82ce21ef86fdf1f548d338cab1ee53a6fd1d81d91bdf8d89a813,1898df2e664d59be97edee04bfb857a13cf14c835b785a888b16b32d2a3fbe9b,NVIDIA A100-SXM4-80GB
p2_F_f4_s42_n1044,success,2026-08-24T01:59:38Z,518.7,605535232,0.9072208952499722,,cfcf3a434b8e82ce21ef86fdf1f548d338cab1ee53a6fd1d81d91bdf8d89a813,1898df2e664d59be97edee04bfb857a13cf14c835b785a888b16b32d2a3fbe9b,NVIDIA A100-SXM4-80GB
p2_F_f5_s42_n1044,success,2026-08-24T02:08:10Z,511.2,605535232,0.9240710413763153,,cfcf3a434b8e82ce21ef86fdf1f548d338cab1ee53a6fd1d81d91bdf8d89a813,1898df2e664d59be97edee04bfb857a13cf14c835b785a888b16b32d2a3fbe9b,NVIDIA A100-SXM4-80GB
p2_probe_f1_s42_n1044,success,2026-08-24T02:15:12Z,422.1,589720576,0.8813708330564548,,cfcf3a434b8e82ce21ef86fdf1f548d338cab1ee53a6fd1d81d91bdf8d89a813,1898df2e664d59be97edee04bfb857a13cf14c835b785a888b16b32d2a3fbe9b,NVIDIA A100-SXM4-80GB
p2_probe_f2_s42_n1044,success,2026-08-24T02:22:17Z,424.2,589720576,0.8843566292399814,,cfcf3a434b8e82ce21ef86fdf1f548d338cab1ee53a6fd1d81d91bdf8d89a813,1898df2e664d59be97edee04bfb857a13cf14c835b785a888b16b32d2a3fbe9b,NVIDIA A100-SXM4-80GB
p2_probe_f3_s42_n1044,success,2026-08-24T02:29:16Z,418.4,589720576,0.8846942905032259,,cfcf3a434b8e82ce21ef86fdf1f548d338cab1ee53a6fd1d81d91bdf8d89a813,1898df2e664d59be97edee04bfb857a13cf14c835b785a888b16b32d2a3fbe9b,NVIDIA A100-SXM4-80GB
p2_probe_f4_s42_n1044,success,2026-08-24T02:36:25Z,428.3,589720576,0.877309670611362,,cfcf3a434b8e82ce21ef86fdf1f548d338cab1ee53a6fd1d81d91bdf8d89a813,1898df2e664d59be97edee04bfb857a13cf14c835b785a888b16b32d2a3fbe9b,NVIDIA A100-SXM4-80GB
p2_probe_f5_s42_n1044,success,2026-08-24T02:43:26Z,420.4,589720576,0.8940246413330136,,cfcf3a434b8e82ce21ef86fdf1f548d338cab1ee53a6fd1d81d91bdf8d89a813,1898df2e664d59be97edee04bfb857a13cf14c835b785a888b16b32d2a3fbe9b,NVIDIA A100-SXM4-80GB
